인증구분,인증번호,기업명,인증의 범위,유효기간
ISMS-P,ISMS-P-KISA-2026-025,(주)씨어스테크놀로지,심질환 모니터링 서비스(Cardio) 인프라 운영,2026-04-15~2029-04-14
ISMS-P,ISMS-P-KISA-2026-024,한국산업기술시험원,대표누리집 및 시험인증서비스 부문,2026-04-15~2029-04-14
ISMS,ISMS-KISA-2026-068,씨제이씨지브이 주식회사,"온라인 서비스(영화예매/매점판매, 회사홈페이지), 광고/미디어 서비스",2026-04-15~2029-04-14
ISMS,ISMS-KISA-2026-067,(주)티디에이치컴퍼니,온라인 쇼핑몰 운영(오까네)(정보통신망법 제47조의7에 따른 인증의 특례),2026-04-15~2029-04-14
ISMS,ISMS-KISA-2026-066,건양사이버대학교,원격교육시스템 운영,2026-04-15~2029-04-14
ISMS,ISMS-KISA-2026-065,(주)휴먼스케이프,"마미톡 플랫폼(마미톡, 마미박스), 레어노트 플랫폼(레어노트, 레어데이터) 운영",2026-04-15~2029-04-14
ISMS,ISMS-KISA-2026-064,(주)한국디지털자산수탁,가상자산 커스터디 및 금융서비스(가상자산 중개)(고시 제18조의2에 따른 예비인증),2026-04-15~2029-04-14
ISMS,ISMS-KISA-2026-063,(주)샵링커지앤씨,샵링커 쇼핑몰통합관리 솔루션,2026-04-15~2029-04-14
ISMS,ISMS-KISA-2026-062,(주)아성다이소,온라인 쇼핑몰 운영(다이소몰),2026-04-15~2029-04-14
ISMS,ISMS-KISA-2026-061,(주)케이티밀리의서재,"케이티밀리의서재 대고객 서비스(밀리의서재, 블라이스) 운영",2026-04-15~2029-04-14
ISMS,ISMS-KISA-2026-060,(주)비즈니스온커뮤니케이션,스마트빌(전자세금계산서 발급서비스) (정보통신망법 제47조의7에 따른 인증의 특례),2026-04-15~2029-04-14
ISMS-P,ISMS-P-KISA-2026-023,주식회사 케이티알파,"대표홈페이지 외 kt알파 쇼핑, 기프티쇼 대국민서비스",2026-04-01~2029-03-31
ISMS-P,ISMS-P-KISA-2026-022,(주)미리디,"미리디 대표홈페이지, 미리캔버스, 비즈하우스, 디자인허브, 프린트허브",2026-04-01~2029-03-31
ISMS-P,ISMS-P-KISA-2026-021,(주)플레어랩스,플레어레인 콘솔(고객사 계정 관리)(심사받지 않은 물리적 인프라 제외)(정보통신망법 제47조의7에 따른 인증의 특례),2026-04-01~2029-03-31
ISMS-P,ISMS-P-KISA-2026-020,(주)이마트,이마트 정보시스템 및 홈페이지 서비스 운영,2026-04-01~2029-03-31
ISMS,ISMS-KISA-2026-059,(주)와드,와드 서비스 플랫폼(캐치테이블),2026-04-01~2029-03-31
ISMS,ISMS-KISA-2026-058,에퀴닉스코리아 유한회사,"SL1, SL4 Data Center Operation (Colocation) (심사받지 않은 물리적 인프라 제외)",2026-04-01~2029-03-31
ISMS,ISMS-KISA-2026-057,주식회사 한패스인터내셔널,알뜰폰 서비스 운영(한패스모바일),2026-04-01~2029-03-31
ISMS,ISMS-KISA-2026-056,(주)티르티르,(주)티르티르 미용 (Beauty) 온라인 서비스 쇼핑몰(정보통신망법 제47조의7에 따른 인증의 특례),2026-04-01~2029-03-31
ISMS,ISMS-KISA-2026-055,셀린느코리아(유),온라인쇼핑몰 서비스 운영(셀린느닷컴) (심사받지 않은 물리적 인프라 및 SaaS서비스 인프라 영역 제외),2026-04-01~2029-03-31
ISMS,ISMS-KISA-2026-054,주식회사 비케이알,"비케이알 온라인 서비스(버거킹, 팀홀튼)",2026-04-01~2029-03-31
ISMS,ISMS-KISA-2026-053,교촌에프앤비(주),"교촌 기업 홈페이지, 교촌 브랜드 홈페이지",2026-04-01~2029-03-31
ISMS,ISMS-KISA-2026-052,니오라코리아(유),별정통신서비스(플래시모바일) 및 온라인서비스(에센셜)운영,2026-04-01~2029-03-31
ISMS,ISMS-KISA-2026-051,(주)키즈노트,"키즈노트 온라인 서비스 운영(키즈노트, 클래스노트, 패밀리노트)",2026-03-19~2029-03-18
ISMS,ISMS-KISA-2026-050,혼다코리아 주식회사,혼다코리아 온라인 플랫폼 서비스,2026-03-19~2029-03-18
ISMS,ISMS-KISA-2026-049,메가스터디교육(주),"온라인교육서비스(메가스터디, 김급식, QUBE, 인테그랄, 메가스터디 러셀/학원, 엠베스트, 엘리하이,엘리하이키즈, SE학원, 하이엠수학, 유니스터디, 미북)",2026-03-19~2029-03-18
ISMS,ISMS-KISA-2026-048,(주)브로드밴드아이디씨,"VIDC 서비스(서버 호스팅, 코로케이션, CDN, 인코딩 서비스)(정보통신망법 제47조의7에 따른 인증의 특례)",2026-03-19~2029-03-18
ISMS,ISMS-KISA-2026-047,(주)매경에이엑스,경제 포털 온라인 뉴스 서비스,2026-03-19~2029-03-18
ISMS,ISMS-KISA-2026-046,한국피엠오(주),알뜰폰 서비스 운영(밸류컴),2026-03-18~2029-03-17
ISMS,ISMS-KISA-2026-045,(주)신세계아이앤씨,"스파로스 및 대외서비스 운영(eCvan, eCtax, eCdocu, goodMD, 스파로스클라우드EDI, 메세징서비스, 스파로스POS, 스파로스아카데미 등)",2026-03-18~2029-03-17
ISMS,ISMS-KISA-2026-044,(주)디에스알브이랩스,블록체인 인프라 서비스 및 가상자산 보관관리(커스터디)서비스 운영,2026-03-18~2029-03-17
ISMS,ISMS-KISA-2026-043,주식회사 위대한상상,요기요 서비스 운영,2026-03-18~2029-03-17
ISMS,ISMS-KISA-2026-042,(주)현대벤디스,기업 복지 서비스 플랫폼(식권대장)(정보통신망법 제47조의7에 따른 인증의 특례),2026-03-18~2029-03-17
ISMS,ISMS-KISA-2026-041,(주)오픈에셋,디지털자산 커스터디 지갑 서비스(고시 제18조의2에 따른 예비인증),2026-03-18~2029-03-17
ISMS-P,ISMS-P-FSI-2026-002,전북은행,"인터넷 뱅킹서비스(웹, 모바일)",2026-03-10~2029-03-09
ISMS-P,ISMS-P-FSI-2026-001,케이비손해보험,"대고객 전자금융거래 서비스(홈페이지, 다이렉트, 퇴직연금)(GA 채널 제외)(심사받지 않은 물리적 인프라 제외)",2026-03-10~2029-03-09
ISMS,ISMS-FSI-2026-007,전북은행,지자체 금고 및 전산센터 운영,2026-03-10~2029-03-09
ISMS,ISMS-FSI-2026-006,(주)핀다,"온라인 서비스 운영(핀다, 핀다유니콘, 오픈업)(심사받지 않은 물리적 인프라 제외)",2026-03-10~2029-03-09
ISMS-P,ISMS-P-KISA-2026-019,이트너스(주),인사·총무 경영지원 서비스 통합 운영 시스템(ESRM),2026-03-05~2029-03-04
ISMS-P,ISMS-P-KISA-2026-018,웍스피어 유한책임회사,"온라인 리크루팅 서비스(잡코리아, 알바몬, 게임잡, 보스몬/크루몬, nooc, KLiK)",2026-03-05~2029-03-04
ISMS-P,ISMS-P-KISA-2026-017,스마일샤크(주),클라우드 메니지드 서비스 운영 (Cloud MSP)(심사받지 않은 물리적 인프라 및 SaaS서비스 인프라 영역 제외),2026-03-05~2029-03-04
ISMS-P,ISMS-P-KISA-2026-016,교보다솜케어(주),교보다솜케어 헬스케어 서비스,2026-03-05~2029-03-04
ISMS,ISMS-KISA-2026-040,한국산업안전보건공단,한국산업안전보건공단 K2B시스템,2026-03-05~2029-03-04
ISMS,ISMS-KISA-2026-039,한국결제네트웍스(유),"전자금융서비스 운영 (VAN, PG, 펌뱅킹)",2026-03-05~2029-03-04
ISMS,ISMS-KISA-2026-038,주식회사 엔비티,모바일 광고 포인트 서비스 운영(심사받지 않은 물리적 인프라 제외),2026-03-05~2029-03-04
ISMS,ISMS-KISA-2026-037,비댁스 주식회사,가상자산 수탁 보관 및 이전 서비스,2026-03-05~2029-03-04
ISMS,ISMS-KISA-2026-036,(주)웅진씽크빅,"스마트 학습 및 온라인서비스(브랜드 홈페이지, 북클럽, 라운지, 웅진스마트올, 스마트올중학, 웅진마켓, 유데미큐레이션, 슈퍼팟잉글리시, 투게더, 딸기콩)",2026-03-05~2029-03-04
ISMS,ISMS-KISA-2026-035,(주)더블엑스소프트,가상자산 트랜잭션 이력 분석을 통한 세무회계 서비스 (정보통신망법 제47조의7에 따른 인증의 특례),2026-03-04~2029-03-03
ISMS,ISMS-KISA-2026-034,(주)레그원,알뜰폰 서비스 운영(온국민폰),2026-03-04~2029-03-03
ISMS,ISMS-KISA-2026-033,(주)에이프러스,알뜰폰(MVNO) 서비스,2026-03-04~2029-03-03
ISMS-P,ISMS-P-KISA-2026-015,(주)코리아세븐,세븐일레븐 모바일 앱 서비스,2026-02-19~2029-02-18
ISMS-P,ISMS-P-KISA-2026-014,(주) 에임메드,"헬스케어 서비스(건강검진, 검진서비스) 운영",2026-02-19~2029-02-18
ISMS-P,ISMS-P-KISA-2026-013,한국교육학술정보원,AI 디지털 교육자료 포털 서비스,2026-02-19~2029-02-18
ISMS,ISMS-KISA-2026-032,(주)골프존커머스,"인터넷 쇼핑몰(골프존마켓, 골핑, 스타일캐디) 및 중고거래플랫폼 (골프존마켓 이웃) 운영",2026-02-19~2029-02-18
ISMS,ISMS-KISA-2026-031,(주)안랩블록체인컴퍼니,ABC Cloud Wallet 서비스 운영(고시 제18조의2에 따른 예비인증),2026-02-19~2029-02-18
ISMS,ISMS-KISA-2026-030,(주)하이어다이버시티,하이어비자 서비스(정보통신망법 제47조의7에 따른 인증의 특례),2026-02-19~2029-02-18
ISMS,ISMS-KISA-2026-029,비즈톡 주식회사,비즈톡 비즈메시지 운영(정보통신망법 제47조의7에 따른 인증의 특례),2026-02-19~2029-02-18
ISMS,ISMS-KISA-2026-028,에르메스코리아(유),온라인 쇼핑몰 서비스 운영(심사받지 않은 물리적 인프라 제외),2026-02-19~2029-02-18
ISMS,ISMS-KISA-2026-027,룰루레몬애틀라티카코리아(유),온라인 쇼핑몰 운영(lululemon)(심사받지 않은 물리적 인프라 제외),2026-02-19~2029-02-18
ISMS,ISMS-KISA-2026-026,주식회사 유디아이디,"전자지불서비스(페이앱, 라이트페이) 및 부가서비스(블로그페이, 유캔싸인, 프로셀, 픽셀, 링크스토리) 운영",2026-02-19~2029-02-18
ISMS-P,ISMS-P-KISA-2026-012,(주)경동도시가스,대표 홈페이지 및 고객관리 서비스,2026-02-05~2029-02-04
ISMS,ISMS-KISA-2026-025,(주)농협정보시스템,"집적정보통신시설(IDC)운영 (코로케이션, 클라우드(IaaS), 네트워크 및 보안서비스 제공)",2026-02-05~2029-02-04
ISMS,ISMS-KISA-2026-024,아슈리온코리아(유),휴대폰 단말 보험 서비스 및 휴대폰 기술 상담 및 지원 서비스,2026-02-05~2029-02-04
ISMS,ISMS-FSI-2026-005,유안타증권,"트레이딩 시스템 운영(HTS, WTS, MTS)(심사받지 않은 물리적 인프라 제외)",2026-02-05~2029-02-04
ISMS,ISMS-FSI-2026-004,(주)이동의즐거움,MVNO 서비스 운영,2026-02-05~2029-02-04
ISMS,ISMS-FSI-2026-003,부산하나로카드,교통카드 관리서비스 운영,2026-02-05~2029-02-04
ISMS,ISMS-FSI-2026-002,마이비,교통카드 관리서비스 운영,2026-02-05~2029-02-04
ISMS,ISMS-FSI-2026-001,(주)이동의즐거움,"선불카드 관리시스템, 시외버스 예매 발권 서비스 및  행복더하기 복지플랫폼 운영(심사받지 않은 물리적 인프라 제외)",2026-02-05~2029-02-04
ISMS-P,ISMS-P-KISA-2026-011,(주)원티드랩,온라인 채용 및 인사관리 서비스 운영,2026-02-04~2029-02-03
ISMS-P,ISMS-P-KISA-2026-010,인천국제공항공사,인천국제공항 홈페이지 및 고객의 소리,2026-02-04~2029-02-03
ISMS-P,ISMS-P-KISA-2026-009,트리플콤마 주식회사,골드스푼 서비스 운영(정보통신망법 제47조의7에 따른 인증의 특례),2026-02-04~2029-02-03
ISMS,ISMS-KISA-2026-023,드림라인(주),"정보통신망 서비스 운영(ISP, VoIP, UMS, MVNO, VMS, 웹팩스) 및 클라우드 서비스",2026-02-04~2029-02-03
ISMS,ISMS-KISA-2026-022,에이케이플라자 주식회사,백화점 온라인 서비스,2026-02-04~2029-02-03
ISMS,ISMS-KISA-2026-021,주식회사 헥토이노베이션,"온라인 서비스 개발 및 운영 (정보도용차단서비스, 생활정보서비스, 자산관리정보서비스)",2026-02-04~2029-02-03
ISMS,ISMS-KISA-2026-020,(주)케이비헬스케어,"KB오케어 및 헬스케어 서비스(건강관리, 검진서비스) 운영",2026-02-04~2029-02-03
ISMS-P,ISMS-P-KISA-2026-008,주식회사 케이티앤지,"케이티앤지 대고객 온라인 서비스 운영 (대표홈페이지, 릴서비스, 상상마당, 상상플래닛)",2026-01-22~2029-01-21
ISMS-P,ISMS-P-KISA-2026-007,주식회사 디투홈,디투홈 쇼핑몰(정보통신망법 제47조의 7에 따른 인증의 특례),2026-01-22~2029-01-21
ISMS-P,ISMS-P-KISA-2026-006,(주)엔에스쇼핑,"NS홈쇼핑 서비스(TV/데이터 홈쇼핑, 온라인 쇼핑몰, 카탈로그 쇼핑)",2026-01-22~2029-01-21
ISMS,ISMS-KISA-2026-019,(주)트리니티항공,항공권 온라인 예약 및 대외서비스 운영,2026-01-22~2029-01-21
ISMS,ISMS-KISA-2026-018,대상웰라이프(주),"대상웰라이프 외부 서비스(웰라이프몰, B2B몰, 당프로, 고객사랑) 및 대표 홈페이지 운영",2026-01-22~2029-01-21
ISMS,ISMS-KISA-2026-017,에스케이브로드밴드 주식회사,"초고속인터넷, VOIP, CATV 등 ISP 서비스 운영",2026-01-22~2029-01-21
ISMS,ISMS-KISA-2026-016,에스케이브로드밴드 주식회사,코로케이션 및 CDN 등 IDC 서비스 운영,2026-01-22~2029-01-21
ISMS,ISMS-KISA-2026-015,네이트커뮤니케이션즈(주),"네이트커뮤니케이션즈 인터넷 서비스 운영(네이트, 네이트온, 싸이메라, 온라인 광고)",2026-01-22~2029-01-21
ISMS,ISMS-KISA-2026-014,(주)리파인,권리조사 서비스 (전세자금),2026-01-22~2029-01-21
ISMS,ISMS-KISA-2026-013,롯데쇼핑(주)롯데마트사업본부,"롯데마트 · 슈퍼 온라인 서비스(회사소개, 롯데마트GO, 롯데마트 제타, 보틀벙커, 문화센터, 채용, 모바일도와, SRM(협력사포털))",2026-01-22~2029-01-21
ISMS,ISMS-KISA-2026-012,경희사이버대학교,원격 교육시스템 운영,2026-01-22~2029-01-21
ISMS,ISMS-KISA-2026-011,(주)이랜드이츠,"이랜드이츠 온라인 서비스 (애슐리멤버스, 캠페인 서비스, 이랜드이츠, 더카페)",2026-01-22~2029-01-21
ISMS,ISMS-KISA-2026-010,대상정보기술(주),대상그룹 VIDC 운영 및 SMS 서비스,2026-01-22~2029-01-21
ISMS-P,ISMS-P-KISA-2026-005,한국철도공사,"한국철도 코레일(예매, 교통카드, 물류, 상생) 서비스 운영",2026-01-21~2029-01-20
ISMS-P,ISMS-P-KISA-2026-004,(주)카카오엔터테인먼트,카카오엔터테인먼트 온라인 서비스 운영,2026-01-21~2029-01-20
ISMS-P,ISMS-P-KISA-2026-003,주식회사 아톡,"아톡 개인용 전화어플 및 아톡비즈 기업용솔루션(Office,CRM,CTI 서비스)",2026-01-21~2029-01-20
ISMS-P,ISMS-P-KISA-2026-002,롯데지알에스(주),"롯데GRS 온라인 서비스(롯데잇츠 웹/앱, CRM 시스템, 홈페이지)",2026-01-21~2029-01-20
ISMS-P,ISMS-P-KISA-2026-001,에스케이에코플랜트(주),"분양, 입주, 하자보수, 고객지원(문의) 서비스 (심사받지 않은 물리적 인프라 및 SaaS서비스 인프라 영역 제외)",2026-01-21~2029-01-20
ISMS,ISMS-KISA-2026-009,(주)딜리셔스,"동대문 도소매 중개 플랫폼 서비스(신상마켓, 신상애드, 신상스튜디오, 에스오플러스)운영",2026-01-21~2029-01-20
ISMS,ISMS-KISA-2026-008,(주)KCTV제주방송,알뜰폰 서비스 운영(KCTV모바일),2026-01-21~2029-01-20
ISMS,ISMS-KISA-2026-007,(주)그렙,온라인 교육 및 평가 서비스,2026-01-21~2029-01-20
ISMS,ISMS-KISA-2026-006,웍스피어 유한책임회사,"채용관리시스템(나인하이어), 채용관리솔루션(JRS)",2026-01-21~2029-01-20
ISMS,ISMS-KISA-2026-005,인포뱅크(주),"인포뱅크B2B서비스(MT,MO,알림톡,상담톡,브랜드메세지), 인터넷 문자발송 웹사이트(윙고,비즈고,비즈플러스), 챗봇서비스(채티스트),팬덤앱서비스(스타투)",2026-01-21~2029-01-20
ISMS,ISMS-KISA-2026-004,(주)리만코리아,리만코리아 온라인 몰 및 대외 서비스 운영,2026-01-21~2029-01-20
ISMS,ISMS-KISA-2026-003,한국암웨이(주),한국 암웨이 온라인 쇼핑몰 및 대외 서비스 운영(심사받지 않은 물리적 인프라 제외),2026-01-21~2029-01-20
ISMS,ISMS-KISA-2026-002,(주)콘텐츠브릿지,IT 매니지드 서비스 운영,2026-01-21~2029-01-20
ISMS,ISMS-KISA-2026-001,데상트코리아(주),"온라인 쇼핑몰(데상트코리아 공식E-SHOP), 대외서비스 운영(협력사포털, 채용사이트)",2026-01-21~2029-01-20
ISMS-P,ISMS-P-KISA-2025-069,주식회사 빗썸,가상자산거래소(빗썸) 서비스 운영(심사받지 않은 물리적 인프라 제외),2025-12-18~2028-12-17
ISMS-P,ISMS-P-KISA-2025-068,(사)한국금융연수원,온라인 교육 서비스,2025-12-18~2028-12-17
ISMS-P,ISMS-P-FSI-2025-015,중소기업은행,"인터넷뱅킹 서비스 (웹, 모바일)",2025-12-18~2028-12-17
ISMS,ISMS-KISA-2025-184,(주)더네이쳐홀딩스,"온라인 쇼핑몰 운영 (엔스테이션몰,마크곤잘레스몰,브롬톤런던몰)",2025-12-18~2028-12-17
ISMS,ISMS-KISA-2025-183,(주)아톤,"사설인증서 중계 및 부가서비스 운영(OTN, 생활, 증권, 채팅상담)",2025-12-18~2028-12-17
ISMS,ISMS-KISA-2025-182,(주)엠티에스컴퍼니,메시지 발송 서비스(정보통신망법 제47조의7에 따른 인증의 특례),2025-12-18~2028-12-17
ISMS,ISMS-KISA-2025-181,(주)놀유니버스,"놀유니버스 온라인 서비스(NOL,NOL 인터파크, 트리플, NOL World) (심사받지 않은 물리적 인프라 제외)",2025-12-18~2028-12-17
ISMS,ISMS-KISA-2025-180,(유)아웃백스테이크하우스코리아,아웃백 온라인 서비스 운영 (홈페이지 및 모바일 앱),2025-12-18~2028-12-17
ISMS,ISMS-KISA-2025-179,(주) 이스트소프트,"이스트소프트 서비스(알툴즈, 페르소, 피크닉,KDT) 운영",2025-12-18~2028-12-17
ISMS,ISMS-FSI-2025-010,중소기업은행,IT센터 운영,2025-12-18~2028-12-17
ISMS,ISMS-KISA-2025-178,에스케이렌터카 주식회사,"차량 렌탈 서비스, 스마트링크 서비스",2025-12-17~2028-12-16
ISMS,ISMS-KISA-2025-177,주식회사 아이비김영,온라인 교육 서비스 운영,2025-12-17~2028-12-16
ISMS,ISMS-KISA-2025-176,주) 비지에프네트웍스,"BGF네트웍스 택배 서비스(CUPOST), 모바일상품권 운영",2025-12-17~2028-12-16
ISMS,ISMS-KISA-2025-175,(주)찬스모바일,알뜰폰 서비스 운영(찬스모바일),2025-12-17~2028-12-16
ISMS,ISMS-KISA-2025-174,텐센트 클라우드 컴퓨팅 (베이징) 주식회사,텐센트 클라우드 한국리전의 인프라 운영(심사받지 않은 물리적 인프라 제외),2025-12-17~2028-12-16
ISMS,ISMS-KISA-2025-173,(주)섹타나인,VAN/PG 서비스,2025-12-17~2028-12-16
ISMS,ISMS-KISA-2025-172,주식회사 티머니,티머니 카드 결제서비스 운영,2025-12-17~2028-12-16
ISMS,ISMS-KISA-2025-171,주식회사 유비온,"원격 교육서비스 운영 (사이버연수원, 와우패스, 원격평생교육원, 코스모스, 그레이트마인즈)(정보통신망법 제47조의7에 따른 인증의 특례)",2025-12-17~2028-12-16
ISMS-P,ISMS-P-KISA-2025-166,삼성전자(주),"삼성월렛 서비스(결제, 모바일신분증, 계좌, 환전, 학생증, 멤버십, 쿠폰, 탑승권, 티켓, 전자증명서, 전기차 충전카드, 선물, 이벤트, 페이플래너)",2025-12-03~2028-12-02
ISMS-P,ISMS-P-KISA-2025-067,비누커머스(주),대학생 전문 커머스플랫폼 (에브리유니즈),2025-12-03~2028-12-02
ISMS-P,ISMS-P-KISA-2025-066,(주)뉴인,"온라인 교육 플랫폼 서비스 (터치클래스, 터치클래스 에코, 뉴캠퍼스)",2025-12-03~2028-12-02
ISMS-P,ISMS-P-KISA-2025-064,주식회사 쿼리파이,QueryPie AI Platform (AIP) 서비스 운영(심사받지 않은 물리적 인프라 제외),2025-12-03~2028-12-02
ISMS-P,ISMS-P-FSI-2025-014,교보증권(주),"전자금융서비스(트레이딩, 뱅킹, 금융상품, 투자정보)",2025-12-03~2028-12-02
ISMS,ISMS-KISA-2025-170,세종네트웍스 주식회사,"ISP, IDC, 정보통신서비스 (웹팩스, 메시지, 트로이컷, 뷰포유, AI서비스)",2025-12-03~2028-12-02
ISMS,ISMS-KISA-2025-169,(주)기프티스타,기프티스타 서비스 플랫폼 운영,2025-12-03~2028-12-02
ISMS,ISMS-KISA-2025-168,롯데칠성음료(주),"칠성몰, 대표홈페이지",2025-12-03~2028-12-02
ISMS,ISMS-KISA-2025-167,해피블록 주식회사,"가상자산 지갑 및 금융서비스 (가상자산 중개,운용, 위탁매매)",2025-12-03~2028-12-02
ISMS,ISMS-KISA-2025-166,(주)한국디지털거래소,가상자산 거래소 운영(플라이빗),2025-12-03~2028-12-02
ISMS,ISMS-KISA-2025-165,케이지모빌리티(주),"대고객서비스(KGM 대표 홈페이지, KGM 인증 중고차 서비스, KGM 온라인스토어)및 커넥티드카 서비스(MVNO) 운영",2025-12-03~2028-12-02
ISMS,ISMS-KISA-2025-164,대구보건대학교,"학사행정시스템운영(학적, 성적관리, 학사관리)",2025-12-03~2028-12-02
ISMS-P,ISMS-P-KISA-2025-063,주식회사 에스알,SRT 홈페이지 및 앱 운영,2025-11-19~2028-11-18
ISMS-P,ISMS-P-KISA-2025-062,(주)엘지헬로비전,"방송(TV), 인터넷(ISP), 인터넷전화(VoIP), 모바일(MVNO), 렌탈, 링스쿨 서비스 운영",2025-11-19~2028-11-18
ISMS,ISMS-KISA-2025-163,(주)라이프매니지먼트,홈닷 ERP 서비스 운영,2025-11-19~2028-11-18
ISMS,ISMS-KISA-2025-162,차일들리 주식회사,가상자산 거래소 및 지갑 서비스 운영,2025-11-19~2028-11-18
ISMS,ISMS-KISA-2025-161,포티투닷(주),포티투닷 정보통신서비스(무선재판매),2025-11-19~2028-11-18
ISMS,ISMS-KISA-2025-160,지엔터프라이즈(주),"비즈넵 서비스 운영(환급, 세나)",2025-11-19~2028-11-18
ISMS,ISMS-KISA-2025-159,주식회사에스에스엘케이에이치,"온라인 쇼핑몰 서비스 운영 (핫핑, 럽럽코스메틱, 런던다다)(정보통신망법 제47조의7에 따른 인증의 특례)",2025-11-19~2028-11-18
ISMS,ISMS-KISA-2025-158,(주)씨제이이엔엠,미디어/방송 콘텐츠 및 미디어 서비스 운영(Mnet+),2025-11-19~2028-11-18
ISMS,ISMS-KISA-2025-157,주식회사 비트망고,모바일 퍼즐 게임 서비스 운영,2025-11-19~2028-11-18
ISMS,ISMS-KISA-2025-156,숭실사이버대학교,원격교육시스템 운영,2025-11-19~2028-11-18
ISMS,ISMS-KISA-2025-155,(주)블룸에이아이,"채팅상담, ARS 콜센터 솔루션 및 고객관리 솔루션 운영(정보통신망법 제47조의7에 따른 인증의 특례)",2025-11-19~2028-11-18
ISMS,ISMS-KISA-2025-154,영진텔레콤(주),알뜰폰 서비스 운영(토리모바일),2025-11-19~2028-11-18
ISMS-P,ISMS-P-FSI-2025-013,동양생명보험(주),보험업무 (FC 채널) 및 홈페이지(보험서비스)(심사 받지 않은 물리적 인프라제외),2025-11-18~2028-11-17
ISMS-P,ISMS-P-FSI-2025-012,디비손해보험,"홈페이지(보험서비스) 및 보험업무(PA, 다이렉트 채널)",2025-11-18~2028-11-17
ISMS-P,ISMS-P-FSI-2025-011,(주)비바리퍼블리카,토스(Toss) 전자금융서비스(심사받지 않은 물리적 인프라 제외),2025-11-18~2028-11-17
ISMS-P,ISMS-P-FSI-2025-010,삼성생명보험,홈페이지 및 다이렉트 보험 서비스(GA 채널 제외)(심사받지 않은 물리적 인프라 제외),2025-11-18~2028-11-17
ISMS,ISMS-FSI-2025-009,코스콤,인증서비스 운영,2025-11-18~2028-11-17
ISMS,ISMS-FSI-2025-008,코스콤,"증권업무시스템, 금융정보시스템 및 전산센터 운영",2025-11-18~2028-11-17
ISMS-P,ISMS-P-KISA-2025-061,삼성물산(주),"건설부문 래미안, 홈닉, Bynd 서비스 및 대외 홈페이지 (대표/건설/래미안)",2025-11-05~2028-11-04
ISMS-P,ISMS-P-KISA-2025-060,(주)엘지씨엔에스,"LG CNS B2C 서비스 운영(MY LG ID, 라이프케어, 버터타임)",2025-11-05~2028-11-04
ISMS-P,ISMS-P-KISA-2025-059,한국재정정보원,디지털예산회계시스템(dBrain+) 및 국고보조금통합관리시스템(e나라도움) 서비스,2025-11-05~2028-11-04
ISMS-P,ISMS-P-KISA-2025-058,(주)제이비케이랩,제이비케이랩 온라인쇼핑몰 서비스 운영,2025-11-05~2028-11-04
ISMS-P,ISMS-P-KISA-2025-057,(주)나인투원,쏘카일레클 서비스 운영,2025-11-05~2028-11-04
ISMS-P,ISMS-P-KISA-2025-056,(주)사람인,"사람인 서비스 운영(취업 플랫폼, 온라인 마켓 플랫폼, 매칭플랫폼)",2025-11-05~2028-11-04
ISMS-P,ISMS-P-KISA-2025-055,삼성서울병원,CDW(Clinical Data Warehouse) / FAITH(Framework for AI & Translational Healthcare Data),2025-11-05~2028-11-04
ISMS,ISMS-KISA-2025-153,폴스타오토모티브코리아 유한회사,폴스타 온라인 서비스 (심사받지 않은 물리적 인프라 및 SaaS서비스 인프라 영역 제외),2025-11-05~2028-11-04
ISMS,ISMS-KISA-2025-152,(주)무하유,"카피킬러 서비스, 프리즘 서비스, 몬스터 서비스 (정보통신망법 제47조의7에 따른 인증의 특례)",2025-11-05~2028-11-04
ISMS,ISMS-KISA-2025-151,액티스데이터센터서울(유),집적정보통신시설 (IDC) 운영,2025-11-05~2028-11-04
ISMS,ISMS-KISA-2025-150,프라다코리아(유),"프라다코리아 공식 온라인스토어 운영(프라다, 미우미우) (심사받지 않은 물리적 인프라 및 SaaS서비스 인프라 영역제외)",2025-11-05~2028-11-04
ISMS,ISMS-KISA-2025-149,(주)블루개러지,블루개러지 온라인 서비스 운영,2025-11-05~2028-11-04
ISMS,ISMS-KISA-2025-148,씨그마알드리치코리아(유),이커머스 서비스(씨그마알드리치)(심사받지 않은 물리적 인프라 제외),2025-11-05~2028-11-04
ISMS,ISMS-KISA-2025-147,한국재정정보원,한국재정정보원 대표 홈페이지 및 사이버안전센터 모의해킹 서비스,2025-11-05~2028-11-04
ISMS,ISMS-KISA-2025-146,(주)멀티캠퍼스,"Total HRD 서비스 운영(멀티캠퍼스 이러닝 서비스, 집합교육 서비스, OPIc 평가 서비스, 지식컨텐츠 서비스)",2025-11-05~2028-11-04
ISMS,ISMS-KISA-2025-145,(주)사람인,HR 전문 채용대행 및 임대시스템,2025-11-05~2028-11-04
ISMS-P,ISMS-P-FSI-2025-009,코리아크레딧뷰로(주),"CB, 통계서비스 및 본인인증(수탁업무제외)(심사받지 않은 물리적 인프라 제외)",2025-10-28~2028-10-27
ISMS,ISMS-FSI-2025-006,KIS정보통신주식회사,VAN/PG/선불 서비스 및 인프라 운영,2025-10-28~2028-10-27
ISMS-P,ISMS-P-KISA-2025-054,메가존클라우드 주식회사,"메가존클라우드 서비스 운영(Cloud MSP, HyperBilling, 융합평생교육원, MegazonePoPs, CloudPlex, SpaceONE, Halo, HyperMig, 메가버드) (심사받지 않은 물리적 인프라 제외)",2025-10-22~2028-10-21
ISMS-P,ISMS-P-KISA-2025-053,메가존(주),"메가존서비스운영(호스팅케이알, 아이티평생교육원, 메가존플레이, 인천공항면세점)",2025-10-22~2028-10-21
ISMS-P,ISMS-P-KISA-2025-052,주식회사 와이어트,"와이어트 자사몰 (닥터포헤어, 어노브, 탱글엔젤)(정보통신망법 제47조의7에 따른 인증의 특례)",2025-10-22~2028-10-21
ISMS-P,ISMS-P-KISA-2025-051,(주)넥슨코리아,"온라인 및 모바일 게임, 채용, 넥슨PC방, 헬로메이플, 회사 홈페이지",2025-10-22~2028-10-21
ISMS,ISMS-KISA-2025-144,(주)에버스핀,피싱방지 온라인 서비스 개발 및 운영(FakeFinder)(정보통신망법제47조의 7에 따른 인증의 특례),2025-10-22~2028-10-21
ISMS,ISMS-KISA-2025-143,(주) 위너스텔,알뜰폰 서비스 운영(웰 알뜰폰),2025-10-22~2028-10-21
ISMS,ISMS-KISA-2025-142,(주)데이블,데이블 광고 플랫폼,2025-10-22~2028-10-21
ISMS,ISMS-KISA-2025-141,(주) 씨엠비,"종합유선방송, 인터넷, 인터넷전화, 레인보우TV, 렌탈 및 할부 서비스 운영",2025-10-22~2028-10-21
ISMS,ISMS-KISA-2025-140,자이에스앤디(주),홈네트워크 서비스 개발,2025-10-22~2028-10-21
ISMS,ISMS-KISA-2025-139,메가존소프트 주식회사,"메가존소프트 서비스 운영(Cloud MSP, HyperBilling)(심사받지 않은 물리적 인프라 제외)",2025-10-22~2028-10-21
ISMS,ISMS-KISA-2025-138,(주) 케이아이엔엑스,"집적정보통신시설(IDC) 운영 (코로케이션, 네트워크, 클라우드, 클라우드 허브, CDN　서비스 제공)",2025-10-22~2028-10-21
ISMS,ISMS-KISA-2025-137,(주)글로벌머니익스프레스,알뜰폰 서비스 운영(GME Global),2025-10-22~2028-10-21
ISMS,ISMS-KISA-2025-136,동아대학교,"학사행정시스템 운영(학적, 성적관리, 수강신청, 학사관리)",2025-10-22~2028-10-21
ISMS,ISMS-KISA-2025-135,인제대학교 부산백병원,의료정보시스템(EMR/OCS) 및 홈페이지 서비스 운영,2025-10-22~2028-10-21
ISMS,ISMS-KISA-2025-134,피에스앤마케팅 주식회사,온라인 쇼핑몰 서비스 운영(SK패밀리샵),2025-10-22~2028-10-21
ISMS,ISMS-FSI-2025-007,사단법인 보험개발원,보험정보망 공동정보관리시스템 및 실손보험 청구 전산화 시스템,2025-10-18~2028-10-17
ISMS-P,ISMS-P-KISA-2025-050,주식회사 콜포유,홈페이지내 견적 문의 (정보통신망법 제47조의 7에 따른 인증의 특례),2025-10-01~2028-10-01
ISMS-P,ISMS-P-KISA-2025-049,지에스엠비즈 주식회사,"온라인 서비스 운영(홈페이지, 모바일 쿠폰,GS&패널, a/O 멤버십,GSMyCar, 비브릿지, 석유제품주문, nexPiaTLG, 고객센터)",2025-10-01~2028-10-01
ISMS-P,ISMS-P-KISA-2025-048,주식회사 뱅크샐러드,마이데이터 활용 자산 및 건강 관리 서비스,2025-10-01~2028-10-01
ISMS-P,ISMS-P-KISA-2025-047,주식회사 네오플,"PC기반의 온라인 게임서비스 운영(던전앤파이터, 사이퍼즈)",2025-10-01~2028-10-01
ISMS,ISMS-KISA-2025-133,주식회사 콜포유,콜센터 서비스 (정보통신망법 제47조의 7에 따른 인증의 특례),2025-10-01~2028-10-01
ISMS,ISMS-KISA-2025-132,(주)한퓨어,한퓨어 온라인 서비스(정보통신망법 제47조의7에 따른 인증의 특례),2025-10-01~2028-10-01
ISMS,ISMS-KISA-2025-131,깨끗한나라(주),깨끗한나라몰 및 주문관리 서비스 운영,2025-10-01~2028-10-01
ISMS,ISMS-KISA-2025-130,(주)엘지씨엔에스,"LG CNS 대외서비스 (홈페이지, SINGLEX, B2B 서비스, 업무지원시스템, LG/LX Careers) 및 IDC 운영 (심사받지 않은 물리적 인프라 제외)",2025-10-01~2028-10-01
ISMS,ISMS-KISA-2025-129,(주)이니스프리,이니스프리 온라인 쇼핑몰 운영,2025-10-01~2028-10-01
ISMS,ISMS-KISA-2025-128,(주)더블유컨셉코리아,온라인 쇼핑몰 서비스(Wconcept),2025-10-01~2028-10-01
ISMS-P,ISMS-P-FSI-2025-008,(주)국민은행,"인터넷뱅킹 서비스 운영(웹, 모바일)(심사받지 않은 물리적 인프라 제외)",2025-09-27~2028-09-26
ISMS-P,ISMS-P-FSI-2025-007,나이스평가정보,"CB, NICE지키미 및 NICE아이디 서비스(휴대폰 본인확인 수탁업무 제외)(심사받지 않은 물리적 인프라 제외)",2025-09-27~2028-09-26
ISMS-P,ISMS-P-KISA-2025-046,주식회사 쏘카,쏘카 웹/앱 모바일 서비스 운영,2025-09-17~2028-09-16
ISMS-P,ISMS-P-KISA-2025-045,주식회사 안랩,"안랩닷컴, 안랩몰, 기술지원 서비스, 파트너지원서비스, 채용 서비스, 원격관제서비스, 영업지원서비스, 안랩 위협 인텔리전스 플랫폼 서비스",2025-09-17~2028-09-16
ISMS-P,ISMS-P-KISA-2025-044,(주)체리,체리 기부플랫폼(정보통신망법 제 47조의7에 따른 인증의 특례),2025-09-17~2028-09-16
ISMS-P,ISMS-P-KISA-2025-043,(주)비즈인사이트,건강 및 보험 서비스,2025-09-17~2028-09-16
ISMS,ISMS-KISA-2025-127,(주)지오다노,"지오다노, 지오다노 주니어, 컨셉원 온라인 서비스",2025-09-17~2028-09-16
ISMS,ISMS-KISA-2025-126,(주)케이씨에이,웹 취약점 진단 서비스,2025-09-17~2028-09-16
ISMS,ISMS-KISA-2025-125,주식회사 케이티디에스,CMP 서비스운영 CloudWiz,2025-09-17~2028-09-16
ISMS,ISMS-KISA-2025-124,(주)스케쳐스코리아,스케쳐스코리아 온라인 자사몰 서비스,2025-09-17~2028-09-16
ISMS,ISMS-KISA-2025-123,주식회사 안랩,"제품 및 엔진 업데이트 서비스, AhnLab Smart Defense, 대외 웹 서비스, 컨설팅 서비스, 안랩 트랜잭션 보안 솔루션 서비스, 안랩 개인용 무료 백신 솔루션 서비스, AhnLab AI PLUS 서비스",2025-09-17~2028-09-16
ISMS,ISMS-KISA-2025-122,쿠쿠전자(주),쿠쿠전자 쇼핑몰 운영 및 대외 서비스 운영(홈페이지 및 채용사이트),2025-09-17~2028-09-18
ISMS,ISMS-KISA-2025-121,(주)원에프엔씨,"온라인 쇼핑몰 운영(안나앤모드, 안나앤플러스, 베베르망, 하루키즈, 리틀브로, 뮬랑, 메무아)(정보통신망법 제47조의7에 따른 인증의 특례)",2025-09-17~2028-09-16
ISMS,ISMS-KISA-2025-120,아하앤컴퍼니 주식회사,소셜 Q&A 커뮤니티(정보통신망법 제47조의7에 따른 인증의 특례),2025-09-17~2028-09-16
ISMS,ISMS-KISA-2025-119,(주)에넥스텔레콤,"알뜰폰 서비스(에이모바일), 온라인 쇼핑몰(피졸로), 렌탈 서비스(스마트 렌탈) 운영",2025-09-17~2028-09-16
ISMS,ISMS-KISA-2025-118,(주)비즈인사이트,카드사 콜센터 서비스(정보통신망법 제47조의7에 따른 인증의 특례),2025-09-17~2028-09-16
ISMS-P,ISMS-P-KISA-2025-042,국가정보자원관리원,"국가정보자원관리원 개인정보처리시스템(방문자관리, 통합운영관리지원, 출입통제)",2025-09-03~2028-09-02
ISMS,ISMS-KISA-2025-117,주식회사 케이티샛,위성정보통신 서비스,2025-09-03~2028-09-02
ISMS,ISMS-KISA-2025-116,(주)코드모바일,알뜰폰 서비스 운영(이지모바일),2025-09-03~2028-09-02
ISMS,ISMS-KISA-2025-115,국가정보자원관리원,"국가정보자원관리원 운영 (대전, 광주, 대구)",2025-09-03~2028-09-02
ISMS,ISMS-KISA-2025-114,(주)알비이엔씨,마르헨제이 온라인 쇼핑몰 운영 (정보통신망법 제47조의7에 따른 인증의 특례),2025-09-03~2028-09-02
ISMS-P,ISMS-P-FSI-2025-006,농협은행,마이데이터 서비스,2025-08-29~2028-08-28
ISMS-P,ISMS-P-FSI-2025-005,비씨카드(주),마이데이터 서비스(심사받지 않은 물리적 인프라 제외),2025-08-29~2028-08-28
ISMS-P,ISMS-P-FSI-2025-004,비씨카드(주),"카드서비스 및 온라인서비스(바로카드, 홈페이지 및 페이북, 금융서비스)(심사받지 않은 물리적 인프라 제외)",2025-08-29~2028-08-28
ISMS,ISMS-FSI-2025-005,농협은행,NH카드 앱(NHpay) 및 웹 운영,2025-08-29~2028-08-28
ISMS,ISMS-FSI-2025-004,이지스엔터프라이즈(주),공동주택/집합건물 관리 전산서비스 및 온라인 전자결제 부문(심사받지 않은 물리적 인프라 제외),2025-08-29~2028-08-28
ISMS-P,ISMS-P-KISA-2025-041,롯데멤버스(주),"L.POINT(멤버쉽,포인트), L.pay(간편결제), 라임(리서치), LTAS(TM), 롯데모바일상품권, 롯데모바일쿠폰 서비스 운영(심사받지 않은 물리적 인프라 제외)",2025-08-21~2028-08-20
ISMS,ISMS-KISA-2025-113,랄프로렌코리아(유),온라인 쇼핑몰 운영 (랄프로렌 코리아)(심사받지 않은 물리적 인프라 및 SaaS서비스 인프라 영역 제외),2025-08-21~2028-08-20
ISMS,ISMS-KISA-2025-112,유한건강생활,온라인 쇼핑몰 서비스 운영(뉴오리진),2025-08-21~2028-08-20
ISMS,ISMS-KISA-2025-111,(주)스마텔,알뜰폰 서비스 운영 (스마텔),2025-08-21~2028-08-20
ISMS,ISMS-KISA-2025-110,(주)인스코리아,알뜰폰 서비스 운영(인스모바일),2025-08-21~2028-08-20
ISMS,ISMS-KISA-2025-109,다이슨코리아(유),"공식몰, 멤버십 사이트 및 모바일 앱 서비스 운영(심사받지 않은 물리적 인프라 제외)",2025-08-21~2028-08-20
ISMS,ISMS-KISA-2025-108,주식회사 메타크래프트,온라인 웹 소설 서비스(노벨피아) 운영 (정보통신망법 제47조의7에 따른 인증의 특례),2025-08-21~2028-08-20
ISMS,ISMS-KISA-2025-107,루이비통코리아(유),온라인쇼핑몰 서비스 운영(루이비통닷컴) (심사받지 않은 물리적 인프라 및 SaaS서비스 인프라 영역 제외),2025-08-21~2028-08-20
ISMS,ISMS-KISA-2025-106,(주)커넥트웨이브,플레이오토 쇼핑몰 통합관리 솔루션,2025-08-21~2028-08-20
ISMS,ISMS-KISA-2025-105,(주)아식스코리아,"온라인쇼핑몰 서비스 운영(asics,onitsukatiger) (심사받지 않은 물리적 인프라 제외)",2025-08-21~2028-08-20
ISMS,ISMS-KISA-2025-104,클리오,클리오 온라인 쇼핑몰 운영,2025-08-21~2028-08-20
ISMS,ISMS-KISA-2025-103,와이즐리컴퍼니(주),와이즐리 쇼핑몰 서비스(심사받지 않은 물리적 인프라 제외),2025-08-21~2028-08-20
ISMS,ISMS-KISA-2025-102,(주) 이롬넷,전자지급결제대행 (PG) 서비스 운영,2025-08-21~2028-08-20
ISMS,ISMS-KISA-2025-101,(주)코페이,PG 서비스 운영,2025-08-21~2028-08-20
ISMS,ISMS-KISA-2025-100,엔에이치엔링크(주),온라인 티켓 예매서비스,2025-08-21~2028-08-20
ISMS,ISMS-KISA-2025-099,롯데건설(주),플랜트 IT 시스템 운영,2025-08-21~2028-08-20
ISMS-P,ISMS-P-KISA-2025-040,기아 주식회사,드라이빙 인사이트 서비스 운영,2025-08-20~2028-08-19
ISMS-P,ISMS-P-KISA-2025-039,(주)세라젬,"세라젬 직영몰 및 대외 서비스(세라젬 홈페이지, 홈체험, 공유사업자 모집, 렌탈결제변경, 세라젬 Biz, 멤버십, 세라체크, IOT)",2025-08-20~2028-08-19
ISMS,ISMS-KISA-2025-098,(주)뉴젠피앤피,이음택스(연말정산 서비스)(정보통신망법 제47조의7에 따른 인증의 특례),2025-08-20~2028-08-19
ISMS,ISMS-KISA-2025-097,건양대학교병원,의료정보시스템(EMR/OCS) 및 홈페이지 서비스 운영,2025-08-20~2028-08-19
ISMS,ISMS-KISA-2025-096,(주)마블프로듀스,알뜰폰 서비스 운영(마블링알뜰폰),2025-08-20~2028-08-19
ISMS,ISMS-KISA-2025-095,가톨릭대학교 성빈센트병원,"의료정보시스템(EMR, OCS) 및 홈페이지 서비스 운영",2025-08-20~2028-08-19
ISMS,ISMS-KISA-2025-094,(주)살루스케어,헬스케어서비스(정보통신망법 제47조의7에 따른 인증의 특례),2025-08-20~2028-08-19
ISMS,ISMS-KISA-2025-093,(주)스테이지파이브,알뜰폰(MVNO) 서비스 운영,2025-08-20~2028-08-19
ISMS,ISMS-KISA-2025-092,(주)앤알커뮤니케이션,"온라인 서비스 운영(NRCOM, imall7, Nvoim) 및 알뜰폰 이동통신 서비스 운영(N-telecom)",2025-08-20~2028-08-19
ISMS,ISMS-KISA-2025-091,월트디즈니컴퍼니코리아,한국 디즈니 플러스 서비스 운영(심사받지 않은 물리적 인프라 제외),2025-08-20~2028-08-19
ISMS,ISMS-KISA-2025-090,(주)더원플랫폼,알뜰폰 서비스 운영(더원플랫폼),2025-08-20~2028-08-19
ISMS,ISMS-KISA-2025-089,동아제약(주),"동아제약 온라인 서비스(홈페이지, 디몰, 파티온몰, 답몰) 운영",2025-08-20~2028-08-19
ISMS,ISMS-KISA-2025-088,(주)아이즈비전,MVNO 서비스,2025-08-20~2028-08-19
ISMS,ISMS-KISA-2025-087,(주)고고팩토리,알뜰폰 서비스 운영(고고모바일),2025-08-20~2028-08-19
ISMS-P,ISMS-P-KISA-2025-038,대한항공씨앤디서비스 주식회사,"대표 홈페이지 및 기내면세 서비스 운영(대한항공, 진에어)",2025-08-06~2028-08-05
ISMS-P,ISMS-P-KISA-2025-037,(주)리멤버앤컴퍼니,"온라인 채용 서비스 (리멤버, 자소설닷컴, 슈퍼루키) 운영",2025-08-06~2028-08-05
ISMS,ISMS-KISA-2025-086,(주)프리텔레콤,MVNO 알뜰폰 서비스,2025-08-06~2028-08-05
ISMS,ISMS-KISA-2025-085,(주)인스코비성동지점,MVNO 알뜰폰 서비스,2025-08-06~2028-08-05
ISMS,ISMS-KISA-2025-084,드림마크원인천 주식회사,IDC 인프라 서비스 운영,2025-08-06~2028-08-05
ISMS,ISMS-KISA-2025-083,넷플릭스서비시스코리아,넷플릭스서비시스코리아 유한회사가 홍보 및 재판매하는 Netflix OTT(over-the-top) 스트리밍 비디오 서비스(심사받지 않은 물리적 인프라 제외),2025-08-06~2028-08-05
ISMS,ISMS-KISA-2025-082,교원투어,"인터넷 예약서비스(여행이지, 항공발권시스템)",2025-08-06~2028-08-05
ISMS,ISMS-KISA-2025-081,(주)교원헬스케어,더오름 쇼핑몰,2025-08-06~2028-08-05
ISMS,ISMS-KISA-2025-080,(주)교원,"K멤버스 쇼핑몰, Smart Learning Platform",2025-08-06~2028-08-05
ISMS,ISMS-KISA-2025-079,(주)비상교육,온라인교육 및 대외서비스 운영(심사받지 않은 물리적 인프라 제외),2025-08-06~2028-08-05
ISMS,ISMS-KISA-2025-078,이투스에듀 주식회사,"인터넷 교육 서비스(이투스, 워드마스터, 디온)",2025-08-06~2028-08-05
ISMS,ISMS-KISA-2025-077,한국피셔과학(주),한국 온라인 구매/정보제공 서비스 운영(심사받지 않은 물리적 인프라 제외),2025-08-06~2028-08-05
ISMS,ISMS-KISA-2025-076,주식회사 디에이치엘코리아,디에이치엘코리아 해외특송 서비스 운영 (심사받지 않은 물리적 인프라 제외),2025-08-06~2028-08-05
ISMS,ISMS-KISA-2025-075,(주)친구아이앤씨,알뜰폰 서비스 운영(친구모바일),2025-08-06~2028-08-05
ISMS,ISMS-KISA-2025-074,동국대학교,"학사행정시스템 운영(학적, 성적관리, 학사관리, 수강신청(서울캠퍼스))",2025-08-06~2028-08-05
ISMS-P,ISMS-P-FSI-2025-003,롯데카드 주식회사,개인 카드 결제 서비스 (온/오프라인)(심사받지 않은 물리적 인프라 제외),2025-07-29~2028-07-28
ISMS-P,ISMS-P-FSI-2025-002,한국투자증권,"전자금융서비스(트레이딩, 뱅킹, 금융상품)(심사받지 않은 물리적 인프라 제외)",2025-07-29~2028-07-28
ISMS-P,ISMS-P-KISA-2025-036,하남도시공사,하남도시공사 국민체육센터 홈페이지 및 회원 관리 시스템,2025-07-16~2028-07-15
ISMS-P,ISMS-P-KISA-2025-035,행복나래 주식회사,행복나래 온라인 서비스 운영,2025-07-16~2028-07-15
ISMS,ISMS-KISA-2025-073,(주)야나두,"온라인 콘텐츠 운영 (야나두영어, 야나두영어b2b, 틈새단어, 스르르학습지, 야나두키즈, 야핏사이클, 야핏무브)",2025-07-16~2028-07-15
ISMS,ISMS-KISA-2025-072,(주)자코모,온라인 쇼핑몰 서비스 운영(자코모 공식몰) (정보통신망법 제47조의7에 따른 인증의 특례),2025-07-16~2028-07-15
ISMS,ISMS-KISA-2025-071,주식회사 아른,아른 온라인 쇼핑몰 서비스 운영,2025-07-16~2028-07-15
ISMS,ISMS-KISA-2025-070,주식회사 배럴,온라인 쇼핑 서비스 운영(배럴) (정보통신망법제47조의7에 따른 인증의 특례),2025-07-16~2028-07-15
ISMS,ISMS-KISA-2025-069,한화갤러리아(주),한화갤러리아 대외 온라인서비스 및 홈페이지 운영,2025-07-16~2028-07-15
ISMS,ISMS-KISA-2025-068,(주)블룸에이아이,Biz메시지 및 통합인증 솔루션 운영(정보통신망법 제47조의7에 따른 인증의 특례),2025-07-16~2028-07-15
ISMS-P,ISMS-P-KISA-2025-034,현대자동차(주),드라이빙인사이트 서비스 운영,2025-07-02~2028-07-01
ISMS-P,ISMS-P-KISA-2025-033,토스플레이스(주),토스플레이스 서비스 운영,2025-07-02~2028-07-01
ISMS,ISMS-KISA-2025-067,주식회사 업스테어스,"IT기기 매매 서비스 플랫폼 운영(폰가비, 중가비)(정보통신망법 제47의7에 따른 인증의 특례)",2025-07-02~2028-07-01
ISMS,ISMS-KISA-2025-066,(주)더스윙,공유 모빌리티 서비스,2025-07-02~2028-07-01
ISMS,ISMS-KISA-2025-065,디씨케이원(주),데이터센터 물리시설 운영,2025-07-02~2028-07-01
ISMS,ISMS-KISA-2025-064,주식회사 파라다이스세가사미,파라다이스시티 호텔&리조트 서비스 운영,2025-07-02~2028-07-01
ISMS,ISMS-KISA-2025-063,(주)큰사람커넥트,"이야기 모바일, 이야기IoT, 이야기 솔루션, 선거문자, 일반문자 서비스 운영",2025-07-02~2028-07-01
ISMS,ISMS-KISA-2025-062,(주) 동원에프앤비,"온라인 쇼핑몰(동원몰,더반찬&,아르르) 서비스 운영",2025-07-02~2028-07-01
ISMS,ISMS-KISA-2025-061,(주) 스마트스코어,온라인 스마트스코어 운영,2025-07-02~2028-07-01
ISMS-P,ISMS-P-KISA-2025-032,GS칼텍스,"GS&POINT, 에너지 플러스, 에너지 플러스 EV 서비스 및 GS칼텍스 보너스카드 서비스",2025-06-18~2028-06-17
ISMS-P,ISMS-P-KISA-2025-031,(주)지에스리테일,GS리테일 온라인 서비스(심사받지 않은 물리적 인프라 제외),2025-06-18~2028-06-17
ISMS-P,ISMS-P-KISA-2025-030,주식회사 즐거운,"쿠폰 판매 서비스 운영(오피스콘, 스마일콘)",2025-06-18~2028-06-17
ISMS,ISMS-KISA-2025-060,코나아이(주),모나 가상 이동통신망 사업(MVNO),2025-06-18~2028-06-17
ISMS,ISMS-KISA-2025-059,(주)진이어스,"대표홈페이지, 폐쇄몰서비스(진이어스몰) (정보통신망법 제47조의7에 따른 인증의 특례)",2025-06-18~2028-06-17
ISMS,ISMS-KISA-2025-058,(주)에르엘,알뜰폰 서비스 운영(에르엘 모바일),2025-06-18~2028-06-17
ISMS,ISMS-KISA-2025-057,마이크로소프트5673코리아 유한책임회사,마이크로소프트 한국 데이터센터(IDC)의 운영(심사받지 않은 물리적 인프라 제외),2025-06-18~2028-06-17
ISMS,ISMS-KISA-2025-056,조선대학교,"학사행정시스템 운영(학적, 학사, 수강신청)",2025-06-18~2028-06-17
ISMS,ISMS-KISA-2025-055,주식회사 포블게이트,가상자산 거래소 원화 서비스 운영(고시 제18조의2에 따른 예비인증),2025-06-18~2028-06-17
ISMS,ISMS-KISA-2025-054,주식회사 엑스엘게임즈,온라인 게임 서비스 개발 및 운영(달빛조각사·다크게이머)(심사받지 않은 물리적 인프라 제외),2025-06-18~2028-06-17
ISMS,ISMS-KISA-2025-053,주식회사 웨이브릿지,가상자산 금융 플랫폼 운영(돌핀),2025-06-18~2028-06-17
ISMS,ISMS-KISA-2025-052,주식회사 써머스플랫폼,"인터넷 가격비교 및 배송정보제공, 메시징 서비스 운영",2025-06-18~2028-06-17
ISMS,ISMS-KISA-2025-051,한국마사회,한국마사회 온라인 발매 및 대외서비스 운영,2025-06-18~2028-06-17
ISMS,ISMS-KISA-2025-050,주식회사 에이피알,"온라인서비스운영(홈페이지, 메디큐브, 널디,글램디, 에이프릴스킨,포맨트, 포토그레이)",2025-06-18~2028-06-17
ISMS-P,ISMS-P-KISA-2025-029,주식회사 오내피플,캐치시큐 서비스 (정보통신망법 제47조의7에 따른 인증의 특례),2025-06-04~2028-06-03
ISMS,ISMS-KISA-2025-049,비트고코리아 주식회사,가상자산 수탁 서비스운영 (고시 제18조의2에 따른 예비인증)(심사받지 않은 물리적 인프라 제외),2025-06-04~2028-06-03
ISMS-P,ISMS-P-FSI-2025-001,케이뱅크,전자금융서비스(모바일) 및 홈페이지(심사받지 않은 물리적 인프라 제외),2025-05-27~2028-05-26
ISMS,ISMS-KISA-2025-048,(주)씨케이커뮤스트리,알뜰폰 서비스 운영(슈가모바일),2025-05-21~2028-05-20
ISMS,ISMS-KISA-2025-047,(주)에이쓰리시큐리티,정보보호 컨설팅 및 보안관제 서비스(정보통신망법 제47조의7에 따른 인증의 특례),2025-05-21~2028-05-20
ISMS-P,ISMS-P-KISA-2025-028,(주)다우기술,"인터넷 발송 (뿌리오, 엔팩스, 반값문자, 알뜰문자, 문자매니아, 애드콘, 비즈메일러), 가상번호서비스(콜믹스)",2025-05-07~2028-05-06
ISMS-P,ISMS-P-KISA-2025-027,전북에너지서비스주식회사,"도시가스 고객관리 서비스(도시가스 홈페이지, SAP, LSCP, 스마트 서비스 2015, TSMS, TSRM, DIMS, E-accounting)",2025-05-07~2028-05-06
ISMS-P,ISMS-P-KISA-2025-026,강원도시가스 주식회사,"도시가스 고객관리 서비스(도시가스 홈페이지, SAP, LSCP, 스마트 서비스 2015, TSMS, TSRM, DIMS, E-accounting)",2025-05-07~2028-05-06
ISMS-P,ISMS-P-KISA-2025-025,전남도시가스 (주),"도시가스 고객관리 서비스(도시가스 홈페이지, SAP, LSCP, 스마트 서비스 2015, TSMS, TSRM, DIMS, E-accounting)",2025-05-07~2028-05-06
ISMS-P,ISMS-P-KISA-2025-024,영남에너지서비스(주),"도시가스 고객관리 서비스(포항)(도시가스 홈페이지, SAP, LSCP, 스마트 서비스 2015, TSMS, TSRM, DIMS, E-accounting)",2025-05-07~2028-05-06
ISMS-P,ISMS-P-KISA-2025-023,영남에너지서비스(주),"도시가스 고객관리 서비스(구미)(도시가스 홈페이지, SAP, LSCP, 스마트 서비스 2015, TSMS, TSRM, DIMS, E-accounting)",2025-05-07~2028-05-06
ISMS-P,ISMS-P-KISA-2025-022,충청에너지서비스 (주),"도시가스 고객관리 서비스(도시가스 홈페이지, SAP, LSCP, 스마트 서비스 2015, TSMS, TSRM, DIMS, E-accounting)",2025-05-07~2028-05-06
ISMS-P,ISMS-P-KISA-2025-021,(주) 부산도시가스,"도시가스 고객관리 서비스(도시가스 홈페이지, SAP, LSCP, 스마트 서비스 2015, TSMS, TSRM, DIMS, E-accounting)",2025-05-07~2028-05-06
ISMS-P,ISMS-P-KISA-2025-020,코원에너지서비스 (주),"도시가스 고객관리 서비스(도시가스 홈페이지, SAP, LSCP, 스마트 서비스 2015, TSMS, TSRM, DIMS, E-accounting)",2025-05-07~2028-05-06
ISMS,ISMS-KISA-2025-046,(주)다우기술,"인터넷 발송 (비즈뿌리오, 유핏, 비즈애드콘, 애드콘비즈), 인터넷 쇼핑몰 관리 (사방넷, 사방넷미니, 사방넷 풀필먼트),그룹웨어 (다우오피스),IDC 서비스 (코로케이션, 호스팅, 클라우드, CDN, IDC 홈페이지), 파일공유서비스 (다우싱크), 도메인 서비스 (반값 도메인), 채용",2025-05-07~2028-05-06
ISMS,ISMS-KISA-2025-045,(주)섹타나인,"해피포인트카드 서비스, 해피콘 서비스, 해피오더 서비스, 선물하기 서비스",2025-05-07~2028-05-06
ISMS,ISMS-KISA-2025-044,액티스데이터센터안양 유한회사,집적정보통신시설(IDC) 운영,2025-05-07~2028-05-06
ISMS,ISMS-KISA-2025-043,빌포스트 주식회사,DM제작 인프라 운영,2025-05-07~2028-05-06
ISMS,ISMS-KISA-2025-042,이스트시큐리티,보안 솔루션 개발 및 운영,2025-05-07~2028-05-06
ISMS-P,ISMS-P-KISA-2025-019,롯데이노베이트(주),롯데이노베이트 L.Cloud 서비스 운영,2025-04-16~2028-04-15
ISMS-P,ISMS-P-KISA-2025-018,(주) 공영홈쇼핑,"공영홈쇼핑 서비스 운영 (온라인몰, 영업시스템, 협력사시스템, 전자계약, 콜센터)",2025-04-16~2028-04-15
ISMS-P,ISMS-P-KISA-2025-017,한국교육방송공사,EBS 교육 포털 웹서비스,2025-04-16~2028-04-15
ISMS,ISMS-KISA-2025-041,두나무 주식회사,증권플러스 등 서비스 운영,2025-04-16~2028-04-15
ISMS,ISMS-KISA-2025-040,(주) 한국얀센,JJCC(한국얀센고객주문시스템) 및 대외 서비스 (환자 및 의료진 대상)(심사받지 않은 물리적 인프라 제외),2025-04-16~2028-04-15
ISMS,ISMS-KISA-2025-039,(주)인피니티익스체인지코리아,가상자산 거래소 인엑스(INEX) 서비스 운영,2025-04-16~2028-04-15
ISMS-P,ISMS-P-KISA-2025-016,주식회사 한국신용데이터,캐시노트 서비스,2025-04-02~2028-04-01
ISMS,ISMS-KISA-2025-038,(주)해커스어학원,온라인 수강신청 서비스 운영(정보통신망법 제47조의7에 따른 인증의 특례),2025-04-02~2028-04-01
ISMS,ISMS-KISA-2025-037,(주)여기어때투어,온라인 여행 서비스 운영(온라인투어)(정보통신망법 제47조의7에 따른 인증의 특례),2025-04-02~2028-04-01
ISMS,ISMS-KISA-2025-036,이지샵 주식회사,이지샵 자동장부,2025-04-02~2028-04-01
ISMS-P,ISMS-P-KISA-2025-015,케이티커머스(주),"B2B 온라인 쇼핑몰(통합구매플랫폼, 메타온), 렌탈 및 복지, 보험 서비스",2025-03-19~2028-03-18
ISMS-P,ISMS-P-KISA-2025-014,(주)문피아,문피아 웹 소설 서비스,2025-03-19~2028-03-18
ISMS-P,ISMS-P-KISA-2025-013,중앙선거관리위원회,사전투표 통합명부 운영,2025-03-19~2028-03-18
ISMS-P,ISMS-P-KISA-2025-012,이트너스(주),인사·총무 경영지원 서비스 통합 운영 시스템(ESRM) (정보통신망법 제47조의7에 따른 인증의 특례),2025-03-19~2028-03-18
ISMS,ISMS-KISA-2025-035,원광대학교병원,의료정보시스템(EMR/OCS) 및 홈페이지 서비스 운영,2025-03-19~2028-03-18
ISMS,ISMS-KISA-2025-034,(주)섹타나인,VAN 서비스,2025-03-19~2028-03-18
ISMS,ISMS-KISA-2025-033,주식회사 옴니케어,헬스케어 서비스 운영 부문,2025-03-19~2028-03-18
ISMS,ISMS-KISA-2025-032,모요,모요 서비스(moyoplan.com) 및 앱 운영,2025-03-19~2028-03-18
ISMS,ISMS-KISA-2025-031,(주)런이십일,온라인 쇼핑몰 운영 (런이십일),2025-03-19~2028-03-18
ISMS,ISMS-KISA-2025-030,중소기업중앙회,노란우산 디지털공제서비스,2025-03-19~2028-03-18
ISMS,ISMS-FSI-2025-003,서민금융진흥원,"대국민 서비스 운영(대표 WEB/APP, 서민금융 잇다, 휴면예금, 금융교육)",2025-03-19~2028-03-18
ISMS-P,ISMS-P-KISA-2025-011,한국도로공사,한국도로공사 통행료 홈페이지(회원정보) 운영,2025-03-05~2028-03-04
ISMS-P,ISMS-P-KISA-2025-010,(주) 크래프톤,온라인 게임 개발 및 서비스 운영 (심사받지 않은 물리적 인프라 제외),2025-03-05~2028-03-04
ISMS,ISMS-KISA-2025-029,주식회사 이랜드리테일,"이랜드리테일 온라인 서비스 운영 (문화센터,이멤버, 이몰)",2025-03-05~2028-03-04
ISMS,ISMS-KISA-2025-028,주식회사 제타큐브,가상자산 예치 및 유동화 서비스 (고시 제18조의2에 따른 예비인증),2025-03-05~2028-03-04
ISMS,ISMS-KISA-2025-027,주식회사 레몬베이스,Lemonbase 서비스 운영,2025-03-05~2028-03-04
ISMS,ISMS-KISA-2025-026,비댁스 주식회사,가상자산 수탁 보관 및 이전 서비스,2025-03-05~2028-03-04
ISMS,ISMS-KISA-2025-025,롯데쇼핑(주) e커머스사업본부,인터넷 쇼핑몰 운영(롯데ON),2025-03-05~2028-03-04
ISMS-P,ISMS-P-KISA-2025-009,(주)현대백화점,"현대백화점 온라인 서비스(백화점, 아울렛, H.Point, TCP, 백화점 카드, 문화센터, 어린이책미술관), 온라인 쇼핑몰 서비스(더현대닷컴, 현대식품관 to Home), 해외 브랜드 서비스(COS, &Otherstories, Arket)",2025-02-19~2028-02-18
ISMS-P,ISMS-P-KISA-2025-008,삼성에스디에스(주),Samsung Cloud Platform 클라우드 서비스,2025-02-19~2028-02-18
ISMS-P,ISMS-P-KISA-2025-007,한화생명금융서비스(주),"오렌지트리, 오렌지터치, 리크루팅앱 서비스 운영",2025-02-19~2028-02-18
ISMS,ISMS-KISA-2025-024,삼성에스디에스(주),"IDC 운영(집적정보통신시설(IDC) 운영 서비스 및 보안관제, 네트워크 서비스), ISP 서비스 운영(물류서비스 및 부가서비스)",2025-02-19~2028-02-18
ISMS,ISMS-KISA-2025-023,한국조폐공사,"한국조폐공사 온라인 서비스 운영 (화폐박물관, 쇼핑몰, 지급결제 플랫폼(chak), 구매관리, 수무늬)",2025-02-19~2028-02-18
ISMS,ISMS-KISA-2025-022,건양사이버대학교,원격교육시스템 운영,2025-02-19~2028-02-18
ISMS,ISMS-KISA-2025-021,주식회사 트립비토즈,온라인 여행플랫폼 서비스 (정보통신망법 제47조의7에 따른 인증의 특례),2025-02-19~2028-02-18
ISMS,ISMS-KISA-2025-020,주식회사 하이픈코퍼레이션,"데이터마켓, 선불결제(바로계좌결제), 펌뱅킹(뱅킹플러스, OK지로, PG) 서비스 운영",2025-02-19~2028-02-18
ISMS,ISMS-KISA-2025-019,(주) 드림어스컴퍼니,온라인 음악 서비스(FLO) 및 엔터테인먼트 관련 상품 판매 서비스 운영,2025-02-19~2028-02-18
ISMS,ISMS-KISA-2025-018,주식회사 정육각,인터넷 쇼핑몰 운영(정육각) (심사받지 않은 물리적 인프라 제외) (정보통신망법 제47조의7에 따른 인증의 특례),2025-02-19~2028-02-18
ISMS,ISMS-KISA-2025-017,"주식회사 노랑풍선 (Yellow Balloon Co., Ltd.)",인터넷 예약시스템 운영,2025-02-19~2028-02-18
ISMS,ISMS-KISA-2025-016,주식회사 로지올,생각대로 배달대행 플랫폼 구축 및 운영 (정보통신망법 제47조의7에 따른 인증의 특례),2025-02-19~2028-02-18
ISMS,ISMS-KISA-2025-015,(주)디에스알브이랩스,가상자산 보관관리(커스터디) 서비스 운영,2025-02-19~2028-02-18
ISMS,ISMS-FSI-2025-002,하나캐피탈,대고객 인터넷 공개서비스 운영,2025-02-11~2028-02-10
ISMS,ISMS-FSI-2025-001,한국전자금융(주),"CD VAN 및 ATM, 전기차 충전, 무인 주차장, KIOSK 관리 서비스 운영 (심사받지 않은 물리적 인프라 제외)",2025-02-11~2028-02-10
ISMS-P,ISMS-P-KISA-2025-006,주식회사 진인프라,"클라우드 포털 서비스 운영(MSP), 통합관제서비스 운영",2025-02-05~2028-02-04
ISMS-P,ISMS-P-KISA-2025-005,주식회사 카카오모빌리티,카카오모빌리티 서비스 운영,2025-02-05~2028-02-04
ISMS-P,ISMS-P-KISA-2025-004,씨제이 푸드빌 (주),"CJ푸드빌 브랜드앱 및 홈페이지 (대표홈페이지, 뚜레쥬르, 빕스, 더플레이스, 제일제면소, N서울타워, 셰프고, 점포경영)",2025-02-05~2028-02-04
ISMS-P,ISMS-P-KISA-2025-003,라이징윙스 주식회사,모바일 게임 개발 및 서비스 운영 (심사받지 않은 물리적 인프라 제외),2025-02-05~2028-02-04
ISMS-P,ISMS-P-KISA-2025-002,카카오엔터프라이즈,"카카오엔터프라이즈 (카카오클라우드, 카카오 i LaaS, CenterFlow) 서비스 운영",2025-02-05~2028-02-04
ISMS,ISMS-KISA-2025-014,주식회사 한국존슨앤드존슨비전,마이아큐브(MyACUVUE) 서비스 운영(심사받지 않은 물리적 인프라 제외),2025-02-05~2028-02-04
ISMS,ISMS-KISA-2025-013,라온시큐어(주),"카드본인확인 및 USIM 간편인증/스마트인증, 스마트 안티피싱, 옴니원 통합인증 서비스 운영",2025-02-05~2028-02-04
ISMS,ISMS-KISA-2025-012,한국레노버 유한회사,한국레노버 온라인 서비스 운영(심사받지 않은 물리적 인프라 제외),2025-02-05~2028-02-04
ISMS,ISMS-KISA-2025-011,(주)동원홈푸드,온라인 쇼핑몰 서비스 운영(금천미트),2025-02-05~2028-02-04
ISMS-P,ISMS-P-KISA-2025-001,한국서부발전주식회사,"한국서부발전 대외 서비스(사외홈페이지, 출입관리, 제안서평가, 계좌등록)",2025-01-15~2028-01-14
ISMS,ISMS-KISA-2025-010,한국정보인증주식회사,"S-PASS인증서비스, 사설인증서비스, FIDO생체인증서비스, 부가 서비스, 증명발급서비스",2025-01-15~2028-01-14
ISMS,ISMS-KISA-2025-009,(주) 한섬,"온라인 쇼핑몰 서비스 운영(더한섬닷컴, H패션몰, EQLstore, LONDON UNDERGROUND), KITH, 홈페이지",2025-01-15~2028-01-14
ISMS,ISMS-KISA-2025-008,영남대학교의료원,"의료정보시스템(EMR, OCS) 및 홈페이지 서비스 운영",2025-01-15~2028-01-14
ISMS,ISMS-KISA-2025-007,(주)케어랩스,"플랫폼(CRM, 메디잡, 온라인광고) 서비스 제공 및 온라인 서비스 운영(심사받지 않은 물리적 인프라 제외)",2025-01-15~2028-01-14
ISMS,ISMS-KISA-2025-006,주식회사 헥토이노베이션,"온라인 서비스 개발 및 운영 (정보도용차단서비스, 생활정보서비스, 자산관리정보서비스)",2025-01-15~2028-01-14
ISMS,ISMS-KISA-2025-005,(주)아워홈,아워홈 대외 서비스 운영(쇼핑몰 및 식자재 발주시스템),2025-01-15~2028-01-14
ISMS,ISMS-KISA-2025-004,주식회사 컬리,컬리몰 서비스 개발·운영(온라인 및 배송 서비스 포함),2025-01-15~2028-01-14
ISMS,ISMS-KISA-2025-003,웍스피어 유한책임회사,"채용관리시스템(나인하이어), nooc, klik",2025-01-15~2028-01-14
ISMS,ISMS-KISA-2025-002,(주)소노인터내셔널,소노호텔앤리조트 인터넷 예약 서비스,2025-01-15~2028-01-14
ISMS,ISMS-KISA-2025-001,주식회사 크몽,온라인 플랫폼 서비스 운영(크몽)(심사받지 않은 물리적 인프라 제외),2025-01-15~2028-01-14
ISMS-P,ISMS-P-KISA-2024-058,스타일이십사 주식회사,스타일24 쇼핑몰 운영,2024-12-18~2027-12-17
ISMS-P,ISMS-P-KISA-2024-057,에스케이텔레콤 (주),"이동전화 고객관리 서비스(T world, T멤버십, Swing 등)",2024-12-18~2027-12-17
ISMS,ISMS-KISA-2024-144,(주)커넥티비티,SPOTV NOW 서비스 운영,2024-12-18~2027-12-17
ISMS,ISMS-KISA-2024-143,한국열린사이버대학교,원격교육시스템 운영(한국열린사이버대학교 및 OCU컨소시엄),2024-12-18~2027-12-17
ISMS,ISMS-KISA-2024-142,(주)엔에스쇼핑,온라인 쇼핑몰 서비스 운영(NS MALL),2024-12-18~2027-12-17
ISMS,ISMS-KISA-2024-141,롯데쇼핑(주)롯데마트사업본부,"롯데마트·슈퍼 온라인 서비스 (회사소개, 롯데마트GO, 보틀벙커, 문화센터, 채용, SRM(협력사포털))",2024-12-18~2027-12-17
ISMS,ISMS-KISA-2024-140,(주) 이스트소프트,"이스트소프트 서비스(알툴즈, 페르소, 피크닉) 운영",2024-12-18~2027-12-17
ISMS,ISMS-KISA-2024-139,테슬라코리아 유한회사,테슬라코리아 온라인 서비스 운영(심사받지 않은 물리적 인프라 제외),2024-12-18~2027-12-17
ISMS,ISMS-KISA-2024-138,(주)토스모바일,MVNO(알뜰폰) 이동통신 서비스,2024-12-18~2027-12-17
ISMS,ISMS-KISA-2024-137,주식회사 블루엠텍,"온라인 서비스 운영(블루팜코리아, 쿨팜, 블루엠텍, 블루피드, 블루랩스, 블루닥)",2024-12-18~2027-12-17
ISMS,ISMS-FSI-2024-014,KB금융지주,KB금융지주 정보시스템 및 홈페이지 운영(심사받지 않은 물리적 인프라 제외),2024-12-17~2027-12-16
ISMS,ISMS-FSI-2024-013,주식회사 더즌,전자금융서비스 및 부가서비스(심사받지 않은 물리적 인프라 제외),2024-12-17~2027-12-16
ISMS-P,ISMS-P-KISA-2024-056,주식회사 LF,"온라인 쇼핑몰 및 대외서비스 운영(LFmall, LF Members, Brand Mall, 채용, 대표홈페이지)",2024-12-04~2027-12-03
ISMS-P,ISMS-P-KISA-2024-055,씨제이올리브영 주식회사,"온라인 쇼핑몰 운영(올리브영 국내, 올리브영 글로벌, 디플롯)",2024-12-04~2027-12-03
ISMS-P,ISMS-P-KISA-2024-054,주식회사 코인원,가상자산 거래서비스(코인원),2024-12-04~2027-12-03
ISMS-P,ISMS-P-KISA-2024-053,주식회사 카카오헬스케어,카카오헬스케어 온라인 서비스,2024-12-04~2027-12-03
ISMS,ISMS-KISA-2024-136,(재)한국의학연구소,건강검진서비스(KICS) 및 홈페이지 서비스 운영,2024-12-04~2027-12-03
ISMS,ISMS-KISA-2024-135,(주)더네이쳐홀딩스,"온라인 쇼핑몰 운영(엔스테이션몰,마크곤잘레스몰,브롬톤런던몰)(심사받지 않은 물리적 인프라 제외)",2024-12-04~2027-12-03
ISMS,ISMS-KISA-2024-134,엔에이치엔클라우드 주식회사,"NHN 호스팅, NHN 도메인, AppPaaS",2024-12-04~2027-12-03
ISMS,ISMS-KISA-2024-133,세종네트웍스 주식회사,"ISP, IDC, 정보통신서비스(웹팩스, 메시지, 트로이컷, 뷰포유)",2024-12-04~2027-12-03
ISMS,ISMS-KISA-2024-132,세종텔레콤(주),"비브릭 서비스(비가상자산 분야, 비브릭코인 발급 제외)",2024-12-04~2027-12-03
ISMS,ISMS-KISA-2024-131,세종텔레콤(주),"정보통신서비스(스노우맨, 세종CCTV, 모바일앱)",2024-12-04~2027-12-03
ISMS,ISMS-KISA-2024-130,주식회사 디지털대성,"교육 서비스 운영 (대성마이맥, 한우리열린교육, 소속학원시스템)",2024-12-04~2027-12-03
ISMS-P,ISMS-P-FSI-2024-014,케이비증권,"전자금융서비스(트레이딩, 뱅킹, 금융상품, 종합자산관리, 투자정보)(심사받지 않은 물리적 인프라 제외)",2024-11-26~2027-11-25
ISMS,ISMS-FSI-2024-012,쿠콘,"체크페이, 쿠콘닷넷, 마이데이터, 펌뱅킹, 가상계좌, 금융상품비교 서비스 운영",2024-11-26~2027-11-25
ISMS,ISMS-FSI-2024-011,나이스정보통신(주),"VAN, 선불전자금융, TRS 서비스 운영",2024-11-26~2027-11-25
ISMS,ISMS-FSI-2024-010,주식회사 애큐온저축은행,"인터넷뱅킹 서비스 운영(웹, 모바일)",2024-11-26~2027-11-25
ISMS-P,ISMS-P-KISA-2024-052,주식회사 카카오게임즈,온라인게임 서비스 운영(카카오게임즈),2024-11-20~2027-11-19
ISMS-P,ISMS-P-KISA-2024-051,주식회사 웰로,웰로 서비스 및 웰로비즈 서비스,2024-11-20~2027-11-19
ISMS-P,ISMS-P-KISA-2024-050,캐논코리아(주),"캐논코리아 온라인 쇼핑몰 운영 (e스토어, 비즈몰)",2024-11-20~2027-11-19
ISMS-P,ISMS-P-KISA-2024-049,주식회사 엘엑스판토스,이전설치 서비스,2024-11-20~2027-11-19
ISMS-P,ISMS-P-KISA-2024-048,롯데이노베이트(주),롯데이노베이트 빅데이터 플랫폼 (스마트리온) 홈페이지 회원 서비스,2024-11-20~2027-11-19
ISMS-P,ISMS-P-KISA-2024-047,(주)골프존,"골프존 서비스 (스크린골프 웹/모바일 서비스, 인터넷 쇼핑몰 운영, 모바일 게임 서비스)",2024-11-20~2027-11-19
ISMS-P,ISMS-P-KISA-2024-046,네이버제트 주식회사,네이버 제트 웹/앱 모바일 서비스 운영,2024-11-20~2027-11-19
ISMS-P,ISMS-P-KISA-2024-045,크림 주식회사,크림 웹/모바일 서비스 운영,2024-11-20~2027-11-19
ISMS-P,ISMS-P-KISA-2024-044,스노우 주식회사,스노우 웹/모바일 서비스 운영,2024-11-20~2027-11-19
ISMS,ISMS-KISA-2024-129,백석대학교,"학사정보시스템 운영(학사관리, 증명발급)",2024-11-20~2027-11-19
ISMS,ISMS-KISA-2024-128,대상주식회사,"대상(주) B2C서비스(대표누리집, 청정원, 종가, 미원, 쉐프원, 감별마켓, 베스트온) 운영",2024-11-20~2027-11-19
ISMS,ISMS-KISA-2024-127,주식회사 엘엑스판토스,특송 서비스,2024-11-20~2027-11-19
ISMS,ISMS-KISA-2024-126,주식회사 카카오,카카오 데이터센터 운영,2024-11-20~2027-11-19
ISMS,ISMS-KISA-2024-125,롯데이노베이트(주),롯데이노베이트 빅데이터 플랫폼(스마트리온) 운영,2024-11-20~2027-11-19
ISMS,ISMS-KISA-2024-124,주식회사 아난티코브,아난티코브 회원관리 및 예약 서비스 운영,2024-11-20~2027-11-19
ISMS,ISMS-KISA-2024-123,주식회사 아난티,"아난티 회원관리, 예약, 쇼핑몰 서비스 운영",2024-11-20~2027-11-19
ISMS-P,ISMS-P-KISA-2024-043,삼성웰스토리(주),"홈페이지(Welstory+), 웰스토리몰, 도래미, SRM 서비스",2024-11-06~2027-11-05
ISMS-P,ISMS-P-KISA-2024-042,(주)디앤오,"대표홈페이지, 곤지암리조트 및 골프클럽 대고객 서비스 관리 및 운영",2024-11-06~2027-11-05
ISMS-P,ISMS-P-KISA-2024-041,에스케이 플래닛(주),"OK캐쉬백, Syrup",2024-11-06~2027-11-05
ISMS-P,ISMS-P-KISA-2024-040,(주)케이티에스테이트,부동산 서비스 및 인프라 운영,2024-11-06~2027-11-05
ISMS-P,ISMS-P-KISA-2024-039,(주)공감만세,고향사랑기부제 위기브 서비스(뉴스레터)(심사받지 않은 물리적 인프라 제외),2024-11-06~2027-11-05
ISMS-P,ISMS-P-KISA-2024-038,(주) 에임메드,헬스케어 (건강검진 및 관리) 서비스 운영,2024-11-06~2027-11-05
ISMS,ISMS-KISA-2024-122,서울특별시 데이터센터,"서울특별시 데이터센터운영 (조직, 정보시스템, 각종 시설)",2024-11-06~2027-11-05
ISMS,ISMS-KISA-2024-121,에스케이 플래닛(주),SK플래닛 대외서비스 운영(심사받지 않은 물리적 인프라 제외),2024-11-06~2027-11-05
ISMS,ISMS-KISA-2024-120,(주) 베베쿡,베베쿡 온라인몰 서비스 운영,2024-11-06~2027-11-05
ISMS,ISMS-KISA-2024-119,(주)백패커,"온라인 플랫폼 운영 (아이디어스,텀블벅) (심사받지 않은 물리적 인프라 제외)",2024-11-06~2027-11-05
ISMS,ISMS-KISA-2024-118,주식회사 라포랩스,퀸잇 온라인 서비스 운영,2024-11-06~2027-11-05
ISMS-P,ISMS-P-FSI-2024-013,농협은행,"인터넷뱅킹 서비스(웹, 모바일)(심사받지 않은 물리적 인프라 제외)",2024-10-29~2027-10-28
ISMS,ISMS-FSI-2024-009,농협은행,"NH IT센터 운영(의왕, 안성)",2024-10-29~2027-10-28
ISMS,ISMS-FSI-2024-008,롯데손해보험주식회사,"대고객 전자금융거래 서비스 운영(공식홈페이지, 다이렉트 홈페이지, ALICE)",2024-10-29~2027-10-28
ISMS,ISMS-FSI-2024-007,페이레터(주),전자지급결제대행(PG) 서비스 운영(심사받지 않은 물리적 인프라 제외),2024-10-29~2027-10-28
ISMS-P,ISMS-P-KISA-2024-037,네이버클라우드 주식회사,네이버클라우드 서비스,2024-10-16~2027-10-15
ISMS-P,ISMS-P-KISA-2024-036,롯데멤버스(주),"온라인 서비스 운영(L.POINT(멤버쉽,포인트), L.pay(간편결제), 라임(리서치), LTAS(TM))",2024-10-16~2027-10-15
ISMS-P,ISMS-P-KISA-2024-035,주식회사 네오위즈,인터넷 게임서비스(피망) 운영(심사받지 않은 물리적 인프라 제외),2024-10-16~2027-10-15
ISMS-P,ISMS-P-KISA-2024-034,지에스건설(주),엘리시안 강촌/제주 리조트 서비스 운영,2024-10-16~2027-10-15
ISMS,ISMS-KISA-2024-117,(주)이월드 쥬얼리사업부 가산,이월드 쥬얼리사업부 온라인 서비스 운영,2024-10-16~2027-10-15
ISMS,ISMS-KISA-2024-116,(주)서브원,"B2B 온라인 구매 관련 정보시스템 운영(MRO, SSP, G-Lab, 서브메이트, 오너하이, V-멤버스)",2024-10-16~2027-10-15
ISMS,ISMS-KISA-2024-115,삼성물산(주) 상사부문,삼성물산 주식회사 상사부문 온라인 서비스(상사 홈페이지),2024-10-16~2027-10-15
ISMS,ISMS-KISA-2024-114,삼성물산(주),삼성물산 주식회사 건설부문 온라인 서비스(대표/건설/래미안 홈페이지 및 홈닉 서비스),2024-10-16~2027-10-15
ISMS,ISMS-KISA-2024-113,네이버클라우드 주식회사,"IT 플랫폼 운영 서비스, 인터넷 데이터센터 운영",2024-10-16~2027-10-15
ISMS,ISMS-KISA-2024-112,네이버(주),네이버 데이터센터(´각´) 운영,2024-10-16~2027-10-15
ISMS,ISMS-KISA-2024-111,주식회사 발란,온라인 명품 플랫폼(발란몰),2024-10-16~2027-10-15
ISMS,ISMS-KISA-2024-110,에프알엘코리아 주식회사,에프알엘코리아 대외 서비스 운영(심사받지 않은 물리적 인프라 제외),2024-10-16~2027-10-15
ISMS-P,ISMS-P-KISA-2024-033,롯데면세점제주 주식회사,롯데면세점 제주 고객관리 서비스,2024-10-02~2027-10-01
ISMS-P,ISMS-P-KISA-2024-032,롯데부산면세점,롯데부산면세점 고객관리 서비스,2024-10-02~2027-10-01
ISMS-P,ISMS-P-KISA-2024-031,(주) 호텔롯데 롯데면세점,"롯데면세점 공항/시내 영업점 및 인터넷 서비스(인터넷면세점, 럭스몰) 운영",2024-10-02~2027-10-01
ISMS,ISMS-KISA-2024-109,텔스트라서비스코리아 주식회사,해외회선 임대서비스(심사 받지 않은 물리적 인프라 제외),2024-10-02~2027-10-01
ISMS,ISMS-KISA-2024-108,아이티엑스코리아(주),"ZARA, Massimo Dutti, ZARA HOME 온라인 쇼핑몰 운영 (심사받지 않은 물리적 인프라 제외)",2024-10-02~2027-10-01
ISMS,ISMS-KISA-2024-107,(주)스마일게이트홀딩스 메가포트지점,"게임서비스(퍼블리싱 및 플랫폼) 및 온라인서비스(대표홈페이지, p.pool 등) 운영(심사받지 않은 물리적 인프라 제외)",2024-10-02~2027-10-01
ISMS-P,ISMS-P-FSI-2024-012,나이스평가정보,"CB, NICE지키미 및 NICE아이디 서비스(휴대폰 본인확인 수탁업무 제외)(심사받지 않은 물리적 인프라 제외)",2024-09-26~2027-09-25
ISMS,ISMS-FSI-2024-006,(주)국민은행,Liiv M 가상이동통신망(MVNO) 시스템 운영(심사 받지 않은 물리적 인프라 제외),2024-09-26~2027-09-25
ISMS,ISMS-FSI-2024-005,케이비신용정보 주식회사,공인전자문서 서비스 운영,2024-09-26~2027-09-25
ISMS-P,ISMS-P-KISA-2024-030,에쓰오일(S-OIL)(주),"에쓰-오일 보너스카드 및 포인트서비스, 대표홈페이지",2024-09-19~2027-09-18
ISMS,ISMS-KISA-2024-106,주식회사 쿠캣,"온라인 쇼핑몰 운영(쿠캣마켓, 쿠캣마켓 비즈몰)(심사받지 않은 물리적 인프라 제외)",2024-09-19~2027-09-18
ISMS,ISMS-KISA-2024-105,(주)휴먼컨설팅그룹,"통합 인적자원관리 서비스(talenx, hunel, JaDE)",2024-09-19~2027-09-18
ISMS,ISMS-KISA-2024-104,한국교직원공제회,"회원업무 서비스(홈페이지, 공제, 보험) 운영",2024-09-19~2027-09-18
ISMS,ISMS-KISA-2024-103,넛지헬스케어 주식회사,"캐시워크 모바일 서비스 운영(모두의 챌린지, 캐시톡, 캐시딜, 팀워크, 캐시웨어, 커뮤니티, 동네산책)(심사받지 않은 물리적 인프라 제외)",2024-09-19~2027-09-18
ISMS,ISMS-KISA-2024-102,에쓰오일(S-OIL)(주),에쓰-오일 e-Biz 시스템,2024-09-19~2027-09-18
ISMS,ISMS-KISA-2024-101,주식회사 아이비김영,온라인 교육 서비스 운영,2024-09-19~2027-09-18
ISMS,ISMS-KISA-2024-100,(주)진학어플라이,국내 원서접수 대행 서비스,2024-09-19~2027-09-18
ISMS-P,ISMS-P-KISA-2024-029,(주)포스코이앤씨,"분양관리·고객지원시스템(e-bluet) 및 대외 홈페이지(더샵, 대표홈페이지) 운영",2024-09-04~2027-09-03
ISMS,ISMS-KISA-2024-099,아슈리온코리아(유),휴대폰 기술 상담 및 지원 서비스,2024-09-04~2027-09-03
ISMS,ISMS-KISA-2024-098,피엠인터내셔널코리아 유한회사,온라인 쇼핑몰 서비스(피엠인터내셔널코리아) 운영,2024-09-04~2027-09-03
ISMS,ISMS-KISA-2024-097,주식회사 나무경영아카데미,온라인 교육 서비스(나무경영아카데미),2024-09-04~2027-09-03
ISMS,ISMS-KISA-2024-096,삼성전자서비스주식회사,삼성전자서비스 홈페이지 및 소모품샵 관련 서비스,2024-09-04~2027-09-03
ISMS,ISMS-KISA-2024-095,(주)바로크레디트대부,바로바로론 서비스,2024-09-04~2027-09-03
ISMS,ISMS-KISA-2024-094,한화호텔앤드리조트,한화호텔앤드리조트 인터넷 예약 시스템 운영,2024-09-04~2027-09-03
ISMS,ISMS-KISA-2024-093,신성통상(주),굿웨어몰 온라인 서비스,2024-09-04~2027-09-03
ISMS,ISMS-FSI-2024-004,케이지이니시스,"전자지불(PG) 및 신용카드 중계(VAN), 스마트상점서비스 운영 (심사받지 않은 물리적 인프라 제외)",2024-08-27~2027-08-26
ISMS-P,ISMS-P-KISA-2024-028,주식회사 에이치디정션,트루닥 전자의무기록 플랫폼 서비스,2024-08-21~2027-08-20
ISMS-P,ISMS-P-KISA-2024-027,주식회사 코빗,가상자산 거래소 서비스 운영(코빗),2024-08-21~2027-08-20
ISMS,ISMS-KISA-2024-092,주식회사 케이피모바일,메시지 발송 서비스 운영(다보냄),2024-08-21~2027-08-20
ISMS,ISMS-KISA-2024-091,주식회사 포리스닥스코리아리미티드,가상자산거래소(크립토닷컴 코리아 앱) 서비스 운영(심사받지않은 물리적 인프라 제외),2024-08-21~2027-08-20
ISMS,ISMS-KISA-2024-090,(주)판촉사랑,온라인 쇼핑몰 서비스 운영(판촉사랑),2024-08-21~2027-08-20
ISMS,ISMS-KISA-2024-089,강릉아산병원,의료정보시스템(OCS/EMR) 및 홈페이지 서비스 운영,2024-08-21~2027-08-20
ISMS,ISMS-KISA-2024-088,주식회사 골든퓨쳐스,가상자산 거래소 서비스(빗크몬) 운영,2024-08-21~2027-08-20
ISMS,ISMS-KISA-2024-087,(주) 이롬넷,전자지급결제대행(PG) 서비스 운영,2024-08-21~2027-08-20
ISMS,ISMS-KISA-2024-086,웹투어(주),인터넷 예약 서비스 운영,2024-08-21~2027-08-20
ISMS,ISMS-KISA-2024-085,주식회사 드림에이지,온라인 및 모바일 게임 서비스 운영(심사받지 않은 물리적 인프라 제외),2024-08-21~2027-08-20
ISMS,ISMS-KISA-2024-084,오스템임플란트 주식회사,"대표홈페이지 및 덴올 서비스(TV, Mall, Job) 운영",2024-08-21~2027-08-20
ISMS,ISMS-KISA-2024-083,크리스챤디올꾸뛰르코리아(주),온라인쇼핑몰 서비스 운영(디올닷컴/패션)(심사를 받지 않은 물리적 인프라 및 SaaS서비스 인프라 영역 제외),2024-08-21~2027-08-20
ISMS,ISMS-KISA-2024-082,하이퍼커넥트 유한책임회사,아자르 서비스 및 대고객 홈페이지 운영(심사받지 않은 물리적 인프라 제외),2024-08-21~2027-08-20
ISMS-P,ISMS-P-KISA-2024-026,(주)리멤버앤컴퍼니,리멤버 서비스 운영,2024-08-07~2027-08-06
ISMS-P,ISMS-P-KISA-2024-025,농림수산식품교육문화정보원,농정 빅데이터 플랫폼 서비스,2024-08-07~2027-08-06
ISMS-P,ISMS-P-KISA-2024-024,부산항만공사,대표 홈페이지,2024-08-07~2027-08-06
ISMS,ISMS-KISA-2024-081,주식회사 코드박스,주주서비스 운영,2024-08-07~2027-08-06
ISMS,ISMS-KISA-2024-080,주식회사 에쓰핀테크놀로지,에쓰핀테크놀로지 MSP 서비스,2024-08-07~2027-08-06
ISMS,ISMS-KISA-2024-079,지머니트랜스 주식회사,지머니트랜스 금융 플랫폼 서비스 운영,2024-08-07~2027-08-06
ISMS,ISMS-KISA-2024-078,한국맥도날드(유),"대외 서비스(홈페이지, 맥딜리버리, 채용, VOC, 쿠폰앱)(심사받지 않은 물리적 인프라 영역 제외)",2024-08-07~2027-08-06
ISMS,ISMS-KISA-2024-077,에스더포뮬러 주식회사,온라인 쇼핑몰 운영(에스더몰),2024-08-07~2027-08-06
ISMS,ISMS-KISA-2024-076,씨제이올리브네트웍스 주식회사,"온라인 서비스(CJ올리브네트웍스 대표홈페이지, AI센터 홈페이지, 허브팟, CJ ONE, CJ PAY, 온라인PG, 슈가페이, 워니버스, 모바일메시징, 크루비, API PLEX, 워크스캔, CGV티켓예매, O’Cloud) 및 IDC센터 인프라 운영",2024-08-07~2027-08-06
ISMS,ISMS-KISA-2024-075,(주)현대그린푸드,"현대그린푸드 통합포털서비스(HWIS, H-Cafeteria, Greating-x, 배송 및 물류재고 관리시스템)",2024-08-07~2027-08-06
ISMS-P,ISMS-P-FSI-2024-011,비씨카드(주),"카드서비스 및 온라인서비스(바로카드, 홈페이지 및 페이북, 금융서비스)",2024-07-30~2027-07-29
ISMS-P,ISMS-P-FSI-2024-010,KB국민카드,마이데이터 서비스(심사받지 않은 물리적 인프라 제외),2024-07-30~2027-07-29
ISMS,ISMS-FSI-2024-003,헥토파이낸셜,"전자금융서비스 및 부가서비스(010PAY, 쿠폰발행서비스)(심사받지 않은 물리적 인프라 제외)",2024-07-30~2027-07-29
ISMS,ISMS-KISA-2024-074,(주)야나두,"온라인 콘텐츠 운영(야나두영어, 야나두영어b2b, 틈새단어, 야나두키즈, 무브셀렉트, 야핏사이클, 야핏무브)",2024-07-17~2027-07-16
ISMS,ISMS-KISA-2024-073,(주)엔에이치엔벅스,"인터넷 음악 및 커뮤니티 서비스 운영(벅스, 세이클럽)",2024-07-17~2027-07-16
ISMS,ISMS-KISA-2024-072,(주)에스앤아이코퍼레이션,"B2B/B2C 대외 운영 서비스(홈페이지, atG, 통근버스, 샌디앱)",2024-07-17~2027-07-16
ISMS,ISMS-KISA-2024-071,(주)대상다이브스,온라인 쇼핑몰 서비스 운영(CNTMART),2024-07-17~2027-07-16
ISMS,ISMS-KISA-2024-070,파고다에스씨에스,"파고다에스씨에스 온라인 서비스 운영 (파고다인강, 파고다원, 파고다주니어, 차이랑중국어, B2B 인터넷강의, 파고다토쿨, 테스트클리닉, 전화/화상 회화 서비스, 파고다북)",2024-07-17~2027-07-16
ISMS,ISMS-KISA-2024-069,주식회사 에프엠제이인터내셔날,"온라인 쇼핑몰 운영(페플, WVPROJECT, jemutshop, chopiee)(정보통신망법 제47조의7에 따른 인증의 특례)",2024-07-17~2027-07-16
ISMS,ISMS-KISA-2024-068,(학)호서대학교,"학사정보 서비스, 증명발급 서비스",2024-07-17~2027-07-16
ISMS,ISMS-KISA-2024-067,(주)케이지에듀원,KG에듀원 온라인 교육 서비스 운영,2024-07-17~2027-07-16
ISMS,ISMS-KISA-2024-066,주식회사 바바더닷컴,온라인 쇼핑몰 서비스(바바더닷컴)(정보통신망법 제47조의7에 따른 인증의 특례),2024-07-17~2027-07-16
ISMS-P,ISMS-P-KISA-2024-023,유니브스토어 주식회사,대학생 커머스 플랫폼 운영(에브리유니즈),2024-07-03~2027-07-02
ISMS,ISMS-KISA-2024-065,주식회사 핑거스토리,"웹툰 서비스 운영(무툰, 큐툰)",2024-07-03~2027-07-02
ISMS,ISMS-KISA-2024-064,콘텐츠웨이브 주식회사,"wavve OTT(영화, 비디오물 및 방송프로그램 배급) 서비스",2024-07-03~2027-07-02
ISMS,ISMS-KISA-2024-063,부릉,VROONG 서비스 운영,2024-07-03~2027-07-02
ISMS,ISMS-KISA-2024-062,주식회사 시선인터내셔널,온라인 쇼핑몰 서비스 운영,2024-07-03~2027-07-02
ISMS,ISMS-KISA-2024-061,(주)엘레파츠,인터넷 쇼핑몰 서비스 운영(정보통신망법 제47조의7에 따른 인증의 특례),2024-07-03~2027-07-02
ISMS,ISMS-KISA-2024-060,주식회사 이스틸포유,철강 전자상거래 서비스(이스틸포유) 운영,2024-07-03~2027-07-02
ISMS-P,ISMS-P-FSI-2024-009,삼성카드주식회사,마이데이터,2024-06-25~2027-06-24
ISMS-P,ISMS-P-FSI-2024-008,삼성카드주식회사,"카드결제 및 Lifecare서비스(쇼핑, 웨딩, 여행, 보험TM)(심사받지 않은 물리적 인프라 제외)",2024-06-25~2027-06-24
ISMS-P,ISMS-P-FSI-2024-007,토스뱅크 주식회사,"인터넷뱅킹 서비스(웹, 모바일)(심사받지 않은 물리적 인프라 제외)",2024-06-25~2027-06-24
ISMS-P,ISMS-P-KISA-2024-022,(주)그린카,"그린카 서비스 (카셰어링, 세차클링, 무버스)",2024-06-19~2027-06-18
ISMS-P,ISMS-P-KISA-2024-021,디지털서울문화예술대학교,원격교육시스템 운영,2024-06-19~2027-06-18
ISMS,ISMS-KISA-2024-059,(주)커넥트웨이브,온라인 쇼핑몰 서비스 운영 및 도메인 등록 서비스 (쇼핑몰 구축 및 보안존 운영),2024-06-19~2027-06-18
ISMS,ISMS-KISA-2024-058,농협경제지주 주식회사,농협몰 온라인 서비스 운영,2024-06-19~2027-06-18
ISMS,ISMS-KISA-2024-057,(주)리치몬트코리아,온라인 쇼핑몰 서비스 운영(심사받지 않은 물리적 인프라 제외),2024-06-19~2027-06-18
ISMS,ISMS-KISA-2024-056,주식회사 티앤케이팩토리,"온라인 광고 플랫폼 서비스, 쇼핑몰서비스(티앤픽), 소통서비스, 게임 퍼블리싱",2024-06-19~2027-06-18
ISMS,ISMS-KISA-2024-055,주식회사 초록마을,온라인 쇼핑몰 운영(초록마을),2024-06-19~2027-06-18
ISMS-P,ISMS-P-KISA-2024-020,비누랩스 주식회사 (Vinu Labs Inc.),대학생활 플랫폼 운영(에브리타임),2024-06-05~2027-06-04
ISMS,ISMS-KISA-2024-054,(주)커넥트웨이브,온라인 서비스 운영(다나와),2024-06-05~2027-06-04
ISMS,ISMS-KISA-2024-053,네슬레코리아 유한책임회사,고객 서비스 쇼핑몰 웹사이트 및 대표 홈페이지(심사받지 않은 물리적 인프라 제외),2024-06-05~2027-06-04
ISMS,ISMS-KISA-2024-052,엠더블유홀딩스(주),딜팡 온라인 서비스 운영(정보통신망법 제47조의7에 따른 인증의 특례),2024-06-05~2027-06-04
ISMS,ISMS-KISA-2024-051,이스타항공 주식회사,인터넷 항공권 예약 발권 및 고객 서비스 운영,2024-06-05~2027-06-04
ISMS,ISMS-KISA-2024-050,마이크로소프트5673코리아 유한책임회사,마이크로소프트 한국 데이터센터(IDC)의 운영,2024-06-05~2027-06-04
ISMS-P,ISMS-P-FSI-2024-006,하나은행,하나인증서 서비스(전자서명인증 및 본인확인),2024-05-28~2027-05-27
ISMS-P,ISMS-P-FSI-2024-005,케이뱅크,전자금융서비스(모바일) 및 홈페이지(심사받지 않은 물리적 인프라 제외),2024-05-28~2027-05-27
ISMS-P,ISMS-P-FSI-2024-004,신한카드,"대고객 서비스(신용카드, 홈페이지 및 전자금융서비스 등)(심사받지 않은 물리적 인프라 제외)",2024-05-28~2027-05-27
ISMS-P,ISMS-P-FSI-2024-003,신한은행,"인터넷뱅킹 서비스(웹, 모바일)(심사받지 않은 물리적 인프라 제외)",2024-05-28~2027-05-27
ISMS,ISMS-FSI-2024-002,신한은행,"금고시스템 및 신한금융그룹 전산센터(죽전, 일산) 운영",2024-05-28~2027-05-27
ISMS-P,ISMS-P-KISA-2024-019,주식회사 당근마켓,당근 하이퍼로컬 서비스 운영(심사 받지 않은 물리적 인프라 제외),2024-05-16~2027-05-15
ISMS,ISMS-KISA-2024-049,주식회사 레진엔터테인먼트,인터넷 웹툰 서비스 운영(심사 받지 않은 물리적 인프라 제외),2024-05-16~2027-05-15
ISMS,ISMS-KISA-2024-048,주식회사 키다리스튜디오,인터넷 웹툰 서비스 운영(심사 받지 않은 물리적 인프라 제외),2024-05-16~2027-05-15
ISMS,ISMS-KISA-2024-047,뉴스킨 코리아 (주),뉴스킨 온라인 쇼핑몰 및 대외 서비스 운영,2024-05-16~2027-05-15
ISMS-P,ISMS-P-KISA-2024-018,주식회사 즐거운,"쿠폰 판매 서비스 운영(오피스콘, 스마일콘)",2024-05-02~2027-05-01
ISMS-P,ISMS-P-KISA-2024-017,(주)모두싸인,모두싸인 전자계약 서비스,2024-05-02~2027-05-01
ISMS-P,ISMS-P-KISA-2024-016,(주)이마트,이마트 정보시스템 및 홈페이지 서비스 운영,2024-05-02~2027-05-01
ISMS-P,ISMS-P-KISA-2024-015,티맵모빌리티 주식회사,티맵모빌리티 서비스 운영,2024-05-02~2027-05-01
ISMS-P,ISMS-P-KISA-2024-014,주식회사 에이에이아이헬스케어,헬스케어 상담 서비스(제휴사고객 안내 및 예약 대행),2024-04-17~2027-04-16
ISMS-P,ISMS-P-KISA-2024-013,(주)다우기술,"인인터넷 발송 서비스(뿌리오, 엔팩스, 반값문자, 알뜰문자, 문자매니아, 쿠팝, 비즈메일러), 에스크로서비스(유니크로), 로컬서비스(텔패스, 콜믹스), 헬스케어 서비스(삐약삐약)",2024-04-17~2027-04-16
ISMS-P,ISMS-P-KISA-2024-012,주식회사 현대홈쇼핑,"현대Hmall, 쇼라 서비스 운영",2024-04-17~2027-04-16
ISMS,ISMS-KISA-2024-046,엔티티코리아 주식회사,국제 전용회선(Arcstar) 및 인터넷 회선(GIN) 서비스 운영 지원 (심사받지 않은 물리적 인프라 제외),2024-04-17~2027-04-16
ISMS,ISMS-KISA-2024-045,울산공업학원울산대학교병원,"울산대학교병원 OCS/EMR, 홈페이지 및 모바일 서비스, CRDW서비스",2024-04-17~2027-04-16
ISMS,ISMS-KISA-2024-044,(주)티르티르,"(주)티르티르 건강 미용(Health and Beauty) 온라인 쇼핑몰 서비스(일반 코스메틱, 기능성 화장품)",2024-04-17~2027-04-16
ISMS,ISMS-KISA-2024-043,기아 주식회사,대고객 서비스 및 커넥티드카 서비스(CCS) 운영,2024-04-17~2027-04-16
ISMS,ISMS-KISA-2024-042,(주)다우기술,"인터넷 발송 서비스(비즈뿌리오, 유핏, 비즈쿠팝), 인터넷 쇼핑몰 관리 서비스(사방넷, 사방넷 풀필먼트), 그룹웨어(다우오피스), IDC 서비스(코로케이션, 호스팅, 클라우드, CDN), 도메인서비스(반값도메인), 채용",2024-04-17~2027-04-16
ISMS,ISMS-KISA-2024-041,주식회사 시드물,시드물 온라인 쇼핑몰 운영,2024-04-17~2027-04-16
ISMS,ISMS-KISA-2024-040,광동제약 (주),"광동제약 서비스(홈페이지, 삼다수 가정배송, 광동상회, KDShop) 운영",2024-04-17~2027-04-16
ISMS,ISMS-KISA-2024-039,(주)파리크라상,"파리바게뜨 브랜드앱 및 홈페이지(파리바게뜨, 파스쿠찌, B2B상품권)",2024-04-03~2027-04-02
ISMS,ISMS-KISA-2024-038,(주) 핑거,FINGER PG 서비스 운영,2024-04-03~2027-04-02
ISMS,ISMS-KISA-2024-037,한국기술교육대학교,"아우누리(포털, 학사행정, 온라인 교육) 및 홈페이지(대표홈페이지, 능력개발교육원, 직업능력심사평가원, 도서관)",2024-04-03~2027-04-02
ISMS,ISMS-KISA-2024-036,전시몰닷컴 주식회사,온라인 쇼핑몰 운영(뉴퍼마켓)(정보통신망법 제47조의7에 따른 인증의 특례),2024-04-03~2027-04-02
ISMS,ISMS-KISA-2024-035,서울올림픽기념국민체육진흥공단,공단 대외서비스 운영,2024-04-03~2027-04-02
ISMS,ISMS-KISA-2024-034,(주)씨디네트웍스,"씨디네트웍스 서비스(CDN, Object Storage, Co-Location) 인프라 운영(심사받지 않은 물리적 인프라 제외)",2024-04-03~2027-04-02
ISMS,ISMS-KISA-2024-033,유한킴벌리(주),유한킴벌리 온라인 서비스 운영,2024-04-03~2027-04-02
ISMS,ISMS-FSI-2024-001,농협생명보험 주식회사,"대고객 전자금융거래 서비스 운영 (홈페이지, 모바일, 다이렉트)",2024-03-28~2027-03-27
ISMS-P,ISMS-P-KISA-2024-011,그립컴퍼니,"그립 라이브 커머스 서비스 운영(그립 앱, 그립 클라우드)",2024-03-20~2027-03-19
ISMS,ISMS-KISA-2024-032,디지털리얼티코리아 유한회사,집적정보통신시설(IDC) 운영,2024-03-20~2027-03-19
ISMS,ISMS-KISA-2024-031,경북도청,종합데이터센터 운영,2024-03-20~2027-03-19
ISMS,ISMS-KISA-2024-030,한국교육학술정보원,나이스 중앙 운영센터,2024-03-20~2027-03-19
ISMS,ISMS-KISA-2024-029,건강보험심사평가원,대표 홈페이지(대국민포털),2024-03-20~2027-03-19
ISMS,ISMS-KISA-2024-028,분당서울대학교병원,"의료정보시스템(OCS, EMR) 및 홈페이지 서비스 운영",2024-03-20~2027-03-19
ISMS,ISMS-KISA-2024-027,단국대학교의과대학부속병원,"의료정보시스템(EMR, OCS) 및 홈페이지 서비스 운영",2024-03-20~2027-03-19
ISMS,ISMS-KISA-2024-026,연세대학교 의료원,"의료정보시스템(EMR, OCS), CDW 및 홈페이지 서비스 운영",2024-03-20~2027-03-19
ISMS-P,ISMS-P-KISA-2024-010,(주)마크로젠,유전체 분석과 임상진단 및 헬스케어 서비스,2024-03-06~2027-03-05
ISMS-P,ISMS-P-KISA-2024-009,한국농업기술진흥원,"한국농업기술진흥원 대표홈페이지, 종합분석검정센터, 기술평가도움시스템, 기술사업화종합정보망, 종자광장 웹서비스 운영",2024-03-06~2027-03-05
ISMS-P,ISMS-P-KISA-2024-008,(주)이나인페이,지불대행서비스,2024-03-06~2027-03-05
ISMS-P,ISMS-P-KISA-2024-007,한국수력원자력(주),"대외 서비스(대표홈페이지, 전자상거래시스템, 통합출입관리시스템)",2024-03-06~2027-03-05
ISMS,ISMS-KISA-2024-025,제주대학교병원,병원정보시스템(EMR) 및 대표홈페이지 서비스 운영,2024-03-06~2027-03-05
ISMS,ISMS-KISA-2024-024,주식회사 인피닛블록,가상자산 커스터디 서비스 운영(심사 받지 않은 물리적 인프라 제외),2024-03-06~2027-03-05
ISMS,ISMS-KISA-2024-023,(주)안랩블록체인컴퍼니,ABC Cloud Wallet 서비스 운영(고시 제18조의2에 따른 예비인증),2024-03-06~2027-03-05
ISMS-P,ISMS-P-KISA-2024-006,웍스피어 유한책임회사,"온라인 리크루팅 서비스(잡코리아, 알바몬, 게임잡, 캠퍼스몬, 채용솔루션)",2024-02-21~2027-02-20
ISMS,ISMS-KISA-2024-022,주식회사 지비시코리아,가상자산 이전 및 가상자산 수탁서비스 (고시 제18조의2에 따른 예비인증),2024-02-21~2027-02-20
ISMS-P,ISMS-P-FSI-2024-002,(주)비바리퍼블리카,토스(Toss) 전자금융서비스 운영(클라우드 서비스 제공자의 책임 영역 제외),2024-02-08~2027-02-07
ISMS-P,ISMS-P-FSI-2024-001,삼성증권 주식회사,"전자금융서비스(트레이딩, 뱅킹, 금융상품, 연금, 종합자산관리, 투자정보)(심사받지 않은 물리적 인프라 제외)",2024-02-08~2027-02-07
ISMS-P,ISMS-P-KISA-2024-005,(주)코리아세븐,코리아세븐 세븐일레븐 홈페이지 및 모바일 앱 서비스,2024-02-07~2027-02-06
ISMS-P,ISMS-P-KISA-2024-004,주식회사 굿닥,굿닥 서비스 플랫폼,2024-02-07~2027-02-06
ISMS,ISMS-KISA-2024-021,(주)플레이링스,"모바일 게임 서비스 운영(애니팡 맞고, 포커, 섯다)",2024-02-07~2027-02-06
ISMS,ISMS-KISA-2024-020,서울특별시,서울특별시 서울시CCTV안전센터 운영,2024-02-07~2027-02-06
ISMS,ISMS-KISA-2024-019,(주)아이스크림에듀,온라인 교육 및 학습 지원 서비스 운영,2024-02-07~2027-02-06
ISMS,ISMS-KISA-2024-018,플렉스 주식회사,HR(Human Relations) 플랫폼 서비스 개발 및 운영,2024-02-07~2027-02-06
ISMS,ISMS-KISA-2024-017,주식회사 아톰릭스랩,"가상자산 지갑(CS, RS) 서비스(Dekey) (고시 제18조의2에 따른 예비인증)",2024-02-07~2027-02-06
ISMS,ISMS-KISA-2024-016,(주)자비스앤빌런즈,"자비스앤빌런즈 온라인 서비스 운영(삼쩜삼, 자비스, 하우머치)",2024-02-07~2027-02-06
ISMS,ISMS-KISA-2024-015,(주)에이엠매니지먼트,퀀트나우 서비스 개발 및 운영(비가상자산 분야),2024-02-07~2027-02-06
ISMS,ISMS-KISA-2024-014,주식회사 바비톡,바비톡 서비스 운영 (심사받지 않은 물리적 인프라 제외),2024-02-07~2027-02-06
ISMS,ISMS-KISA-2024-013,주식회사 헥토이노베이션,"온라인 서비스 개발 및 운영 (정보도용차단서비스,생활정보서비스,자산관리정보서비스,광고서비스)",2024-02-07~2027-02-06
ISMS-P,ISMS-P-KISA-2024-003,엔에이치엔페이코 주식회사,페이코 생활·금융서비스,2024-01-18~2027-01-17
ISMS,ISMS-KISA-2024-012,프롭티어(주),"공인중개사 업무지원 및 부동산정보 제공 서비스 운영(이실장, 매경매물관리센터, Npage)",2024-01-18~2027-01-17
ISMS,ISMS-KISA-2024-011,주식회사 힐링페이퍼,온라인 서비스 운영(강남언니)(심사받지 않은 물리적 인프라 제외),2024-01-18~2027-01-17
ISMS,ISMS-KISA-2024-010,(주)보난자팩토리,통합 입출금 서비스 및 블록체인 고위험 거래 검증 관련 서비스,2024-01-18~2027-01-17
ISMS,ISMS-KISA-2024-009,엔에이치엔페이코 주식회사,가맹점 및 제휴·위탁 서비스,2024-01-18~2027-01-17
ISMS-P,ISMS-P-KISA-2024-002,주식회사 엔씨,plaync 게임서비스 운영,2024-01-17~2027-01-16
ISMS-P,ISMS-P-KISA-2024-001,한국공항공사,사이버포탈 및 고객의 소리(VOC),2024-01-17~2027-01-16
ISMS,ISMS-KISA-2024-008,고신대학교복음병원,의료정보시스템(EMR) 및 홈페이지 서비스 운영,2024-01-17~2027-01-16
ISMS,ISMS-KISA-2024-007,(주)신세계아이앤씨,온라인 교육 서비스 운영 (SSGEDU),2024-01-17~2027-01-16
ISMS,ISMS-KISA-2024-006,줌인터넷 주식회사,인터넷 포털 서비스 운영(줌인터넷),2024-01-17~2027-01-16
ISMS,ISMS-KISA-2024-005,테크빌교육(주),"온라인 교육 서비스 및 교사지원 플랫폼, 교구쇼핑몰 운영(정보통신망법 제47조의7에 따른 인증의 특례)",2024-01-17~2027-01-16
ISMS,ISMS-KISA-2024-004,재단법인 행복에프앤씨(자연이랑 분사무소),온라인 쇼핑몰 운영 (자연이랑)(정보통신망법 제47조의7에 따른 인증의 특례),2024-01-17~2027-01-16
ISMS,ISMS-KISA-2024-003,카페24 주식회사,"쇼핑몰호스팅, 웹호스팅 서비스 운영(심사받지 않은 물리적 인프라 제외)",2024-01-17~2027-01-16
ISMS,ISMS-KISA-2024-002,주식회사 블루엠텍,"온라인 서비스 운영(블루팜코리아, 쿨팜, 블루피드, 블루랩스)",2024-01-17~2027-01-16
ISMS,ISMS-KISA-2024-001,대상웰라이프(주),대상웰라이프 쇼핑몰(웰라이프몰) 및 홈페이지 운영,2024-01-17~2027-01-16
ISMS,ISMS-KISA-2023-184,(주)이마트에브리데이,이마트에브리데이 온라인 서비스 운영,2023-12-21~2026-12-20
ISMS,ISMS-KISA-2023-183,(주)놀유니버스,"인터파크트리플 온라인 서비스(투어, 티켓, 트리플) 운영(심사받지 않은 물리적 인프라 제외)",2023-12-21~2026-12-20
ISMS,ISMS-KISA-2023-182,(주)연합인포맥스,"금융정보 제공 서비스(인포맥스, 모의/실전투자)",2023-12-21~2026-12-20
ISMS,ISMS-KISA-2023-181,(주) 이스트소프트,"이스트소프트 서비스(팀업, 알툴즈, 피크닉, 알툴즈 B2B, 페르소, 앨런, Beme, 에이쁠포인트)",2023-12-21~2026-12-20
ISMS,ISMS-KISA-2023-180,법원행정처,사법대국민서비스(전자가족관계등록 서비스),2023-12-21~2026-12-20
ISMS-P,ISMS-P-KISA-2023-064,부산정관에너지 주식회사,"전력소매, 전기차충전, 에너지플랫폼",2023-12-20~2026-12-19
ISMS-P,ISMS-P-KISA-2023-063,에스케이브로드밴드 주식회사,IPTV 서비스 운영,2023-12-20~2026-12-19
ISMS-P,ISMS-P-KISA-2023-062,에스케이렌터카 주식회사,"차량 렌탈 서비스, 스마트링크 서비스",2023-12-20~2026-12-19
ISMS-P,ISMS-P-KISA-2023-061,한국과학기술기획평가원,범부처 통합연구지원시스템(IRIS) 운영,2023-12-20~2026-12-19
ISMS-P,ISMS-P-KISA-2023-060,한국재정정보원,디지털예산회계시스템(dBrain+),2023-12-20~2026-12-19
ISMS-P,ISMS-P-KISA-2023-059,롯데지알에스(주),롯데GRS 온라인 서비스,2023-12-20~2026-12-19
ISMS-P,ISMS-P-KISA-2023-058,주식회사 컴투스플랫폼,온라인 서비스 운영(HIVE 플랫폼)(심사받지 않은 물리적 인프라 제외),2023-12-20~2026-12-19
ISMS-P,ISMS-P-FSI-2023-016,삼성화재해상보험 (주),홈페이지 및 다이렉트 보험 서비스(GA 채널 제외),2023-12-20~2026-12-19
ISMS-P,ISMS-P-FSI-2023-015,주식회사 우리카드,카드서비스 운영,2023-12-20~2026-12-19
ISMS-P,ISMS-P-FSI-2023-014,롯데캐피탈 (주),"롯데캐피탈 전자금융 대고객 서비스(웹, 모바일)",2023-12-20~2026-12-19
ISMS,ISMS-KISA-2023-179,(주)호텔신라,㈜호텔신라 호텔 인터넷 홈페이지 서비스,2023-12-20~2026-12-19
ISMS,ISMS-KISA-2023-178,(주)와이비엠넷,"온라인 어학, 직무, IT 교육서비스(와이비엠넷)",2023-12-20~2026-12-19
ISMS,ISMS-KISA-2023-177,드림라인(주),"정보통신망 서비스 운영(ISP, VoIP, UMS, MVNO, VMS, 웹팩스)",2023-12-20~2026-12-19
ISMS,ISMS-KISA-2023-176,세종텔레콤(주),"ISP, IDC, 정보통신서비스(스노우맨, 웹팩스, 메시지, 모바일 앱, 트로이컷)",2023-12-20~2026-12-19
ISMS,ISMS-KISA-2023-175,한국재정정보원,한국재정정보원 대민서비스 및 정보보호공유포털(기획재정부문),2023-12-20~2026-12-19
ISMS,ISMS-KISA-2023-174,주식회사 컴투스플랫폼,"온라인 서비스 운영(G-Cloud, 대외서비스)(심사받지 않은 물리적 인프라 제외)",2023-12-20~2026-12-19
ISMS,ISMS-FSI-2023-014,(주)케이지모빌리언스,KG모바일서비스 운영(심사받지 않은 물리적 인프라 제외),2023-12-20~2026-12-19
ISMS,ISMS-FSI-2023-013,(주)케이지모빌리언스,"PG 서비스, 인증서비스, 부가서비스 및 모빌카드서비스 운영",2023-12-20~2026-12-19
ISMS,ISMS-FSI-2023-012,서울평가정보(주),신용 조회 및 본인확인 서비스 운영,2023-12-20~2026-12-19
ISMS-P,ISMS-P-KISA-2023-057,엔에이치엔클라우드 주식회사,NHN Cloud 서비스,2023-12-06~2026-12-05
ISMS-P,ISMS-P-KISA-2023-056,엔에이치엔두레이 주식회사,"통합 온라인 협업/업무 서비스(Dooray!(민간, 공공, 금융), N-Master, eTax, Corporation Search)",2023-12-06~2026-12-05
ISMS-P,ISMS-P-KISA-2023-055,엔에이치엔 주식회사,"대외 온라인 서비스 (PC 및 모바일게임, 게임플랫폼)",2023-12-06~2026-12-05
ISMS-P,ISMS-P-KISA-2023-054,에이치디현대오일뱅크 주식회사,에이치디현대오일뱅크 보너스카드 서비스 운영,2023-12-06~2026-12-05
ISMS-P,ISMS-P-KISA-2023-053,씨제이올리브영 주식회사,CJ올리브영 쇼핑몰 운영,2023-12-06~2026-12-05
ISMS-P,ISMS-P-KISA-2023-052,라한프라퍼티스매니지먼트 주식회사,라한호텔 예약 및 멤버십 서비스,2023-12-06~2026-12-05
ISMS-P,ISMS-P-KISA-2023-051,(주)엘지씨엔에스,"LG CNS B2C 서비스(하루조각, MyLGID, 버터타임, 220:Cord&Code, 퀴노아, 라이프케어) 운영",2023-12-06~2026-12-05
ISMS,ISMS-KISA-2023-173,씨엔케이인사이트그룹,"온라인 쇼핑몰 운영(소임, 에브리나나, 메이뜰, 요블림)(정보통신망법 제47조의7에 따른 인증의 특례)",2023-12-06~2026-12-05
ISMS,ISMS-KISA-2023-172,(주)케어랩스,"플랫폼(CRM, 온라인광고) 서비스 제공 및 온라인 서비스 운영 (심사받지 않은 물리적 인프라 제외)",2023-12-06~2026-12-05
ISMS,ISMS-KISA-2023-171,(주)엘지씨엔에스,"LG CNS B2B 서비스(전자금융, 메시징, 전자문서, 전자전표, DI/EDI, MOP) 운영",2023-12-06~2026-12-05
ISMS,ISMS-KISA-2023-170,주식회사 피어테크,클라우드 기반의 거래소(원화시스템 포함) 및 지갑관리 시스템 운영(심사받지 않은 물리적 인프라 제외)(고시 제18조의2에 따른 예비인증),2023-12-06~2026-12-05
ISMS,ISMS-KISA-2023-169,(주)리만코리아,리만코리아 온라인 몰 및 대외 서비스 운영,2023-12-06~2026-12-05
ISMS,ISMS-KISA-2023-168,롯데렌탈 (주),"렌탈(자동차, 일반, 소비재), 경매 및 채용 서비스",2023-12-06~2026-12-05
ISMS-P,ISMS-P-FSI-2023-013,한화생명보험 (주),대표 홈페이지(보험서비스)/모바일 앱 및 다이렉트 보험(GA 채널 제외) (심사받지 않은 물리적 인프라 제외),2023-11-29~2026-11-28
ISMS,ISMS-FSI-2023-011,"웰컴페이먼츠 주식회사(Welcome Payments co.,Ltd.)",전자지급결제 대행(PG) 및 선불전자 지급(웰컴페이),2023-11-29~2026-11-28
ISMS-P,ISMS-P-FSI-2023-012,카카오뱅크,"전자금융거래서비스(모바일뱅킹, 기업뱅킹, 고객센터) 운영",2023-11-22~2026-11-21
ISMS-P,ISMS-P-FSI-2023-011,우리금융캐피탈 주식회사,"대고객 전자금융서비스(웹, 모바일)",2023-11-22~2026-11-21
ISMS,ISMS-FSI-2023-010,금융결제원,금융결제원 대외서비스 IT인프라 운영,2023-11-22~2026-11-21
ISMS,ISMS-FSI-2023-009,쿠콘,"체크페이, 쿠콘닷넷, 마이데이터, 대출비교, 펌뱅킹, 가상계좌서비스 운영",2023-11-22~2026-11-21
ISMS,ISMS-KISA-2023-167,주식회사 그레이브릿지,가상자산 거래소 원화거래 서비스 운영(비블록)(고시 제18조의2에 따른 예비인증),2023-11-16~2026-11-15
ISMS,ISMS-KISA-2023-166,브이피 주식회사,결제 인증 및 후후 서비스,2023-11-16~2026-11-15
ISMS,ISMS-KISA-2023-165,주식회사 블록오디세이,블록체인 기반 디지털 자산 관리 플랫폼 (고시 제18조의2에 따른 예비인증),2023-11-16~2026-11-15
ISMS-P,ISMS-P-KISA-2023-050,(주)우리홈쇼핑,"롯데홈쇼핑(TV/데이터 홈쇼핑, 온라인/모바일 쇼핑몰) 서비스",2023-11-15~2026-11-14
ISMS-P,ISMS-P-KISA-2023-049,주식회사 비마이프렌즈,비마이프렌즈 온라인서비스 운영(b.stage),2023-11-15~2026-11-14
ISMS,ISMS-KISA-2023-164,아이디스파워텔(주),P-Talk 서비스 인프라 운영,2023-11-15~2026-11-14
ISMS,ISMS-KISA-2023-163,오션스 주식회사,가상자산 거래소 및 지갑 서비스 운영(원화마켓)(심사받지 않은 물리적 인프라 제외)(고시 제18조의2에 따른 예비인증),2023-11-15~2026-11-14
ISMS,ISMS-KISA-2023-162,비댁스 주식회사,가상자산 수탁 보관 및 이전 서비스 (고시 제18조의2에 따른 예비인증),2023-11-15~2026-11-14
ISMS,ISMS-KISA-2023-161,(주)교보문고,"인터넷 교보문고 및 브랜드 서비스 운영(에듀케어, 전자도서관, 창작의 날씨, 톡소다, 꾸밍, 채용 등)",2023-11-15~2026-11-14
ISMS,ISMS-KISA-2023-160,롯데쇼핑(주)롯데마트사업본부,"롯데마트 온라인 서비스(회사소개, 롯데마트GO, 문화센터, 채용, 협력사포털, 보틀벙커)",2023-11-15~2026-11-14
ISMS,ISMS-KISA-2023-159,(주)미트박스글로벌,미트박스 온라인 축산물 직거래 쇼핑몰,2023-11-15~2026-11-14
ISMS-P,ISMS-P-KISA-2023-048,연세대학교,"연세대학교 학부대상 학사정보 서비스(신촌캠퍼스, 국제캠퍼스)",2023-11-01~2026-10-31
ISMS-P,ISMS-P-KISA-2023-047,(주)호텔롯데롯데월드,롯데월드 예매 서비스,2023-11-01~2026-10-31
ISMS,ISMS-KISA-2023-158,주식회사 포리스닥스코리아리미티드,가상자산 판매소 Crypto.com 앱 서비스의 운영(심사받지 않은 물리적 인프라 제외)(고시 제18조의2에 따른 예비인증),2023-11-01~2026-10-31
ISMS,ISMS-KISA-2023-157,코오롱베니트 주식회사,"코오롱베니트 데이터센터운영(서버온디멘드, 인프라운영)",2023-11-01~2026-10-31
ISMS,ISMS-KISA-2023-156,롯데지주 주식회사,"롯데지주 온라인 서비스(그룹채용, 윤리경영, 대표홈페이지, 그룹블로그) 및 롯데그룹 계열사 지원시스템 운영",2023-11-01~2026-10-31
ISMS,ISMS-KISA-2023-155,(주)버즈빌,리워드 광고 및 CRM 마케팅 서비스 운영 (심사받지 않은 물리적 인프라 제외),2023-11-01~2026-10-31
ISMS,ISMS-KISA-2023-154,주식회사 카카오브이엑스 (KAKAO VX),"카카오VX 온라인 서비스 운영(프렌즈 스크린, 카카오골프예약, 카카오프렌즈 골프, 스마트홈트)",2023-11-01~2026-10-31
ISMS,ISMS-KISA-2023-153,(주)나스미디어,나스미디어 온라인 서비스 운영(모바일 광고 플랫폼),2023-11-01~2026-10-31
ISMS,ISMS-KISA-2023-152,주식회사 비즈마켓,"복리후생관, 온누리팔도시장, 제휴몰, B2B, B2C 서비스 운영",2023-11-01~2026-10-31
ISMS,ISMS-KISA-2023-151,(주)해피머니아이엔씨,온라인 상품권 서비스 운영(해피머니),2023-11-01~2026-10-31
ISMS,ISMS-KISA-2023-150,PayProtocol AG,실명계좌 이용한 가상자산 지갑 결제 서비스 (고시 제18조의2에 따른 예비인증),2023-11-01~2026-10-31
ISMS,ISMS-KISA-2023-149,주식회사 위버스컴퍼니,"인터넷 커머스, 커뮤니티(위버스, 위버스샵) 및 대외 서비스 운영(심사받지 않은 물리적 인프라 제외)",2023-11-01~2026-10-31
ISMS-P,ISMS-P-FSI-2023-010,코리아크레딧뷰로(주),"개인/기업 CB, 통계서비스 및 본인인증(수탁업무 제외)",2023-10-31~2026-10-30
ISMS-P,ISMS-P-FSI-2023-009,신한투자증권(주),마이데이터 서비스(심사받지 않은 물리적 인프라 제외),2023-10-31~2026-10-30
ISMS,ISMS-FSI-2023-007,디비금융투자,"트레이딩 시스템 운영(HTS, MTS, 홈페이지)(심사받지 않은 물리적 인프라 제외)",2023-10-31~2026-10-30
ISMS,ISMS-KISA-2023-148,블리자드엔터테인먼트 유한회사,블리자드엔터테인먼트 온라인 게임 서비스 운영 (심사받지 않은 물리적 인프라 제외),2023-10-19~2026-10-18
ISMS,ISMS-KISA-2023-147,교육지대(주),온라인 교육 서비스(족보닷컴),2023-10-19~2026-10-18
ISMS-P,ISMS-P-KISA-2023-046,대상주식회사,온라인 쇼핑몰 서비스 운영(정원E샵),2023-10-18~2026-10-17
ISMS-P,ISMS-P-KISA-2023-045,(주)키즈노트,"키즈노트 온라인 서비스 운영(키즈노트, 클래스노트, 패밀리노트)",2023-10-18~2026-10-17
ISMS,ISMS-KISA-2023-146,(주)엘지씨엔에스,SINGLEX 서비스 (심사받지 않은 DR 센터 물리적 인프라 제외),2023-10-18~2026-10-17
ISMS,ISMS-KISA-2023-145,(주)엘지씨엔에스,"LG CNS 대외서비스(고객서비스, 업무지원시스템, 홈페이지) 및 IDC 운영",2023-10-18~2026-10-17
ISMS,ISMS-KISA-2023-144,고려대학교구로병원,"의료정보시스템(EMR, OCS) 및 홈페이지 서비스 운영",2023-10-18~2026-10-17
ISMS,ISMS-KISA-2023-143,고려대부속안산병원,"의료정보시스템(EMR, OCS) 및 홈페이지 서비스 운영",2023-10-18~2026-10-17
ISMS,ISMS-KISA-2023-142,고려대학교의료원,"의료정보시스템(EMR, OCS) 및 홈페이지 서비스 운영",2023-10-18~2026-10-17
ISMS-P,ISMS-P-KISA-2023-044,네이버파이낸셜 주식회사,네이버파이낸셜 서비스,2023-10-05~2026-10-04
ISMS-P,ISMS-P-KISA-2023-043,네이버클라우드 주식회사,"네이버 클라우드 플랫폼(NAVER Cloud Platform) 서비스 운영, MYBOX(유료) 서비스 운영",2023-10-05~2026-10-04
ISMS-P,ISMS-P-KISA-2023-042,주식회사 지마켓,"온라인 서비스 운영(Gmarket, Auction, Smilepay)",2023-10-05~2026-10-04
ISMS,ISMS-KISA-2023-141,차일들리 주식회사,가상자산 거래소 및 지갑 서비스 운영,2023-10-05~2026-10-04
ISMS,ISMS-KISA-2023-140,트리플콤마 주식회사,골드스푼 서비스,2023-10-05~2026-10-04
ISMS-P,ISMS-P-KISA-2023-041,코오롱인더스트리(주) FnC부문,코오롱 온라인 쇼핑몰 서비스,2023-10-04~2026-10-03
ISMS,ISMS-KISA-2023-139,Alibaba Cloud (Singapore) Private Limited,알리바바클라우드 한국 리전의 인프라 운영(심사받지 않은 물리적 인프라 제외),2023-10-04~2026-10-03
ISMS,ISMS-KISA-2023-138,주식회사 에이비일팔공,Airbridge서비스 운영(광고 성과 분석솔루션)(심사받지 않은 물리적 인프라 제외),2023-10-04~2026-10-03
ISMS,ISMS-KISA-2023-137,비즈플레이 주식회사,"대표홈페이지, 경비지출관리서비스",2023-10-04~2026-10-03
ISMS,ISMS-KISA-2023-136,(주) 하나투어,온라인 예약 서비스(하나투어닷컴),2023-10-04~2026-10-03
ISMS,ISMS-KISA-2023-135,(주)스마일게이트홀딩스 스토브지점,"스토브(STOVE) 플랫폼 및 온라인 서비스(P.pool, 툰스푼, 인디게임, 스토브 VR 등) 운영(심사받지 않은 물리적 인프라 제외)",2023-10-04~2026-10-03
ISMS,ISMS-KISA-2023-134,(주)스마일게이트홀딩스 메가포트지점,"대표홈페이지, 온라인게임 서비스(테일즈러너, 에픽세븐, 슈퍼탱크 등) 및 PC방 서비스 운영(심사받지 않은 물리적 인프라 제외)",2023-10-04~2026-10-03
ISMS,ISMS-KISA-2023-133,에스케이디앤디 (주),주거/비주거 대외 플랫폼 온라인 서비스,2023-10-04~2026-10-03
ISMS,ISMS-KISA-2023-132,유한회사 나이키코리아,온라인쇼핑몰 서비스 운영(Nike.com/kr)(심사받지 않은 물리적 인프라 제외),2023-10-04~2026-10-03
ISMS,ISMS-KISA-2023-131,주식회사 블로세이프,가상 자산 예치 서비스(로빗) 운영(고시 제18조의2에 따른 예비인증),2023-10-04~2026-10-03
ISMS,ISMS-KISA-2023-130,아디다스코리아 (유),온라인 쇼핑몰 운영(adidas)(심사받지 않은 물리적 인프라 제외),2023-10-04~2026-10-03
ISMS,ISMS-KISA-2023-129,(주)서브원,"B2B 온라인 구매 관련 정보시스템 운영(MRO, SSP, 서브메이트, 오너하이, V-MEMBERS)",2023-10-04~2026-10-03
ISMS,ISMS-KISA-2023-128,(주)가비아,"도메인 등록, 호스팅 서비스, 그룹웨어 서비스, 클라우드 서비스(심사받지 않은 물리적 인프라제외)",2023-10-04~2026-10-03
ISMS,ISMS-KISA-2023-127,(주)원에프엔씨,"온라인 쇼핑몰 운영(안나앤모드, 안나앤플러스, 베베르망, 하루키즈, 리틀브로, 뮬랑)",2023-10-04~2026-10-03
ISMS-P,ISMS-P-FSI-2023-008,토스증권 주식회사,"전자금융서비스(MTS, WTS, 커뮤니티, 투자정보, 금융상품) (심사받지 않은 물리적 인프라 제외)",2023-09-27~2026-09-26
ISMS-P,ISMS-P-FSI-2023-007,교보생명보험주식회사,"보험업무(FP, GFP, 다이렉트 채널) 및 홈페이지(보험서비스) (심사받지 않은 물리적 인프라 제외)",2023-09-27~2026-09-26
ISMS,ISMS-FSI-2023-006,스마트로,VAN 및 PG 신용카드 승인중계 서비스 (심사받지 않은 물리적 인프라 제외),2023-09-27~2026-09-26
ISMS-P,ISMS-P-KISA-2023-040,(주)현대그린푸드,대표홈페이지 및 그리팅 몰 서비스 운영,2023-09-20~2026-09-19
ISMS-P,ISMS-P-KISA-2023-039,룰루메딕 주식회사,건강분석 및 관리 서비스 플랫폼,2023-09-20~2026-09-19
ISMS,ISMS-KISA-2023-126,주식회사 오지스,블록체인 기반 스마트 계약 개발 및 서비스 운영,2023-09-20~2026-09-19
ISMS,ISMS-KISA-2023-125,주식회사 티그린,온라인쇼핑몰 운영(4XR) (정보통신망법 제47조의7에 따른 인증의 특례),2023-09-20~2026-09-19
ISMS,ISMS-KISA-2023-124,(주)인피니티익스체인지코리아,가상자산 거래소 INEX 서비스 운영(고시 제18조의2에 따른 예비인증),2023-09-20~2026-09-19
ISMS,ISMS-KISA-2023-123,메가존소프트 주식회사,"메가존소프트 서비스 운영(Cloud MSP,HyperBilling)(심사받지 않은 물리적 인프라 제외)",2023-09-20~2026-09-19
ISMS,ISMS-KISA-2023-122,(주)가디언홀딩스,가상자산 거래소 운영(오아시스)(심사받지 않은 물리적 인프라 제외),2023-09-20~2026-09-19
ISMS,ISMS-KISA-2023-121,(주)갓피플,온라인 쇼핑몰 서비스(갓피플몰),2023-09-20~2026-09-19
ISMS,ISMS-KISA-2023-120,주식회사 아이엠유페이,iM유페이 선불카드 서비스 및 전자지급결제대행(PG) 서비스,2023-09-20~2026-09-19
ISMS,ISMS-KISA-2023-119,(주)새로피엔엘,새로피엔엘 온라인 쇼핑몰 운영,2023-09-20~2026-09-19
ISMS-P,ISMS-P-KISA-2023-038,SK가스(주),"대외 고객 멤버십 서비스 운영 (행복충전멤버십, 하이앤드, SCMS)",2023-09-06~2026-09-05
ISMS,ISMS-KISA-2023-118,리디 주식회사,"온라인 서비스 운영(리디, 만타, 디리토)(심사받지 않은 물리적 인프라 제외)",2023-09-06~2026-09-05
ISMS,ISMS-KISA-2023-117,주식회사 텐앤텐,텐앤텐 가상자산 거래 서비스,2023-09-06~2026-09-05
ISMS,ISMS-KISA-2023-116,동국대학교,"학사행정시스템 및 입시정보시스템 운영(학적, 성적관리, 학사관리, 수강신청, 입학관리)(서울캠퍼스)",2023-09-06~2026-09-05
ISMS,ISMS-KISA-2023-115,(주)보라비트,가상자산 거래소 BORABIT 원화마켓 및 지갑 서비스 운영(고시 제18조의2에 따른 예비인증),2023-09-06~2026-09-05
ISMS,ISMS-KISA-2023-114,주식회사 케이씨씨글라스,"KCC글라스 온라인 서비스 운영(홈씨씨닷컴, 대표 홈페이지)",2023-09-06~2026-09-05
ISMS,ISMS-KISA-2023-113,주식회사 페어스퀘어랩,Kiwi³ 월렛 B2B 서비스(고시 제18조의2에 따른 예비인증),2023-09-06~2026-09-05
ISMS,ISMS-KISA-2023-112,텔러스헬스 주식회사,"EAP 서비스 운영(법인 홈페이지, 상담포유, 해피민트, 온라인 진단, DMS(후유))",2023-09-06~2026-09-05
ISMS-P,ISMS-P-KISA-2023-037,씨제이올리브네트웍스 주식회사,"온라인서비스(CJ ONE, CJ ONE PAY, 워니버스)",2023-08-17~2026-08-16
ISMS-P,ISMS-P-KISA-2023-036,(주)세라젬,세라젬 직영몰 운영,2023-08-17~2026-08-16
ISMS,ISMS-KISA-2023-111,(주)비상교육,"온라인교육 및 대외서비스 운영 (온리원, 피어나다, AllviA, master K, 비바샘, 기출탭탭, 잉글리시아이, 수학플러스러닝 등)(심사받지 않은 물리적 인프라 제외)",2023-08-17~2026-08-16
ISMS,ISMS-KISA-2023-110,동원디어푸드 주식회사,"온라인 쇼핑몰(동원몰, 더반찬&, 아르르) 서비스 운영",2023-08-17~2026-08-16
ISMS,ISMS-KISA-2023-109,씨제이올리브네트웍스 주식회사,"온라인서비스(대표홈페이지, 온라인PG, 슈가페이, Mplace, 허브팟, API PLEX, CGV티켓예매, 워크스캔) 및 IDC센터 인프라 운영",2023-08-17~2026-08-16
ISMS,ISMS-KISA-2023-108,주식회사 트라이본즈,온라인 쇼핑몰 서비스 운영(파스텔 몰),2023-08-17~2026-08-16
ISMS,ISMS-KISA-2023-107,써모 피셔 사이언티픽 솔루션스 유한회사,대고객 온라인 서비스(한국 온라인 구매/정보제공 사이트)(심사받지 않은 물리적 인프라 제외),2023-08-17~2026-08-16
ISMS,ISMS-KISA-2023-106,밀크파트너스 주식회사,블록체인 기반 포인트 통합 서비스(MiL.k)(비가상자산 분야)(정보통신망법 제47조의7에 따른 인증의 특례),2023-08-17~2026-08-16
ISMS-P,ISMS-P-KISA-2023-035,주식회사 딜라이브,"초고속인터넷, 인터넷전화, OTT방송을 포함한 종합유선방송서비스 및 온라인쇼핑몰, 스마트렌탈의 고객관리",2023-08-16~2026-08-15
ISMS-P,ISMS-P-KISA-2023-034,행복나래 주식회사,행복나래 온라인 서비스 운영,2023-08-16~2026-08-15
ISMS-P,ISMS-P-KISA-2023-033,서울관광재단,"서울관광 온라인 서비스(서울관광재단 대표 홈페이지, Visitseoul 서비스, 서울다누림관광 서비스)",2023-08-16~2026-08-15
ISMS-P,ISMS-P-KISA-2023-032,롯데칠성음료(주),"롯데칠성음료 (대표 홈페이지, OOS)운영 시스템",2023-08-16~2026-08-15
ISMS,ISMS-KISA-2023-105,주식회사 딜라이브,"초고속 인터넷, 인터넷 전화 서비스 운영",2023-08-16~2026-08-15
ISMS,ISMS-KISA-2023-104,클라우드그램(주),"클라우드그램 서비스 운영(Cloud MSP, Hyper Billing)(심사받지 않은 물리적 인프라 제외)",2023-08-16~2026-08-15
ISMS,ISMS-KISA-2023-103,와디즈 주식회사,와디즈 펀딩 및 스토어 서비스,2023-08-16~2026-08-15
ISMS,ISMS-KISA-2023-102,(주)에프앤에프,에프앤에프 온라인 쇼핑몰 서비스 운영,2023-08-16~2026-08-15
ISMS,ISMS-KISA-2023-101,더이앤엠 주식회사,라이브 스트리밍 기반의 미디어 서비스,2023-08-16~2026-08-15
ISMS,ISMS-KISA-2023-100,현대자동차(주),대고객 서비스 및 커넥티드카 서비스(CCS) 운영,2023-08-16~2026-08-15
ISMS,ISMS-KISA-2023-099,씨제이대한통운(주),"홈페이지(CJ대한통운, CJ건설) 및 종합물류(이커머스물류, 택배, 기업물류(3PL), 항만하역&운송, 포워딩&국제특송), 리조트 서비스(해슬리,나인브릿지,스타빌) 운영",2023-08-16~2026-08-15
ISMS-P,ISMS-P-KISA-2023-031,주식회사펄어비스,"펄어비스 게임 서비스 운영(검은사막 온라인, 모바일, 콘솔)(심사받지 않은 물리적 인프라 제외)",2023-08-02~2026-08-01
ISMS-P,ISMS-P-KISA-2023-030,휴마니타스(주),디컴 홈페이지 및 서비스 운영,2023-08-02~2026-08-01
ISMS,ISMS-KISA-2023-098,주식회사 오아시스,오아시스 온라인 쇼핑몰 운영,2023-08-02~2026-08-01
ISMS,ISMS-KISA-2023-097,(주) 씨엠비,"초고속 인터넷, 인터넷전화, 종합유선방송서비스, 스마트렌탈 및 할부의 고객관리, 레인보우TV",2023-08-02~2026-08-01
ISMS,ISMS-KISA-2023-096,(주)아이마켓코리아,MRO 구매 서비스 운영,2023-08-02~2026-08-01
ISMS,ISMS-KISA-2023-095,(주)후이즈,"도메인등록 서비스, 호스팅 서비스, 메일 서비스, 그룹웨어 서비스, 홈페이지제작 서비스, IDC 서비스, 온라인검색광고대행 서비스",2023-08-02~2026-08-01
ISMS,ISMS-KISA-2023-094,주식회사 채널코퍼레이션,채널톡 서비스 개발 및 운영,2023-08-02~2026-08-01
ISMS,ISMS-KISA-2023-093,(주)더블유컨셉코리아,온라인 쇼핑몰 서비스(Wconcept),2023-08-02~2026-08-01
ISMS,ISMS-KISA-2023-092,(주)쁘띠엘린,온라인 쇼핑몰 서비스 운영(쁘띠엘린스토어),2023-08-02~2026-08-01
ISMS,ISMS-KISA-2023-091,(주)대상다이브스,온라인 쇼핑몰 서비스 운영(CNTMART),2023-08-02~2026-08-01
ISMS,ISMS-KISA-2023-090,에스케이쉴더스 주식회사,SK쉴더스 대표홈페이지 및 홈보안/물리보안/정보보안/융합보안/케어 서비스 운영,2023-08-02~2026-08-01
ISMS,ISMS-KISA-2023-089,이투스에듀 주식회사,"인터넷 교육 서비스(이투스, 강남하이퍼, 청솔학원, 워드마스터)",2023-08-02~2026-08-01
ISMS,ISMS-KISA-2023-088,(주)야나두,"온라인 콘텐츠 운영(야나두영어,틈새단어,야나두키즈,야핏사이클,야핏무브,야나두키즈몰)",2023-08-02~2026-08-01
ISMS,ISMS-KISA-2023-087,(주)가비아씨엔에스,"클릭엔, 퍼스트몰, 이셀러스, 가비아CNS마케팅센터",2023-08-02~2026-08-01
ISMS,ISMS-KISA-2023-086,더문랩스,LM Wallet 서비스 운영(고시 제18조의2에 따른 예비인증),2023-08-02~2026-08-01
ISMS,ISMS-KISA-2023-085,(주) 베베쿡,베베쿡 온라인몰 서비스 운영,2023-08-02~2026-08-01
ISMS-P,ISMS-P-FSI-2023-006,주식회사 카카오페이증권,"전자금융서비스(트레이딩, 뱅킹, 금융상품) (심사받지 않은 물리적 인프라 제외)",2023-07-28~2026-07-27
ISMS-P,ISMS-P-KISA-2023-029,주식회사 카카오스타일,"카카오스타일(지그재그,포스티,패션바이카카오) 서비스 운영",2023-07-19~2026-07-18
ISMS,ISMS-KISA-2023-084,주식회사 뉴링크,가상자산 거래소 원화거래 서비스 운영(고시 제18조의2에 따른 예비인증),2023-07-19~2026-07-18
ISMS,ISMS-KISA-2023-083,주식회사 뉴링크,가상자산 거래소 운영(캐셔레스트),2023-07-19~2026-07-18
ISMS,ISMS-KISA-2023-082,해긴 주식회사,해긴 모바일 게임(심사받지 않은 물리적 인프라 제외),2023-07-19~2026-07-18
ISMS-P,ISMS-P-KISA-2023-028,주식회사 야놀자,야놀자 온라인 서비스,2023-07-05~2026-07-04
ISMS-P,ISMS-P-KISA-2023-027,주식회사 오픈서베이,리서치 플랫폼 서비스,2023-07-05~2026-07-04
ISMS,ISMS-KISA-2023-081,(주)메타보라,"온라인 블록체인 서비스 개발 ·운영(보라포털, 보라 API) 비가상자산 분야",2023-07-05~2026-07-04
ISMS,ISMS-KISA-2023-080,핑크시슬리,온라인 쇼핑몰 운영(핑크시슬리)(정보통신망법 제47조의7에 따른 인증의 특례),2023-07-05~2026-07-04
ISMS,ISMS-KISA-2023-079,주식회사 바로고,배달 및 상점 중계 플랫폼,2023-07-05~2026-07-04
ISMS,ISMS-KISA-2023-078,크레텍책임 주식회사,"크레텍책임 온라인서비스(홈페이지, 온라인 주문서비스(CTX), 공구포털)",2023-07-05~2026-07-04
ISMS,ISMS-KISA-2023-077,(주)디에스알브이랩스,가상자산 보관관리(커스터디) 서비스 운영(고시 제18조의2에 따른 예비인증),2023-07-05~2026-07-04
ISMS-P,ISMS-P-FSI-2023-005,하나증권,"전자금융서비스(트레이딩, 뱅킹, 금융상품, 투자정보, 종합자산관리)",2023-06-30~2026-06-29
ISMS,ISMS-KISA-2023-076,람다256 주식회사,가상자산 보관 지갑서비스(Lunie Wallet)(고시 제18조의2에 따른 예비인증),2023-06-21~2026-06-20
ISMS,ISMS-KISA-2023-075,(주)현대경제연구원,"CYLEARN(온라인 교육 서비스), CreativeTV(온라인 지식 서비스)",2023-06-21~2026-06-20
ISMS,ISMS-KISA-2023-074,주식회사 웨이브릿지,가상자산 금융 플랫폼 운영(돌핀)(고시 제18조의2에 따른 예비인증),2023-06-21~2026-06-20
ISMS,ISMS-KISA-2023-073,농협경제지주 주식회사,농협몰 온라인 서비스 운영,2023-06-21~2026-06-20
ISMS,ISMS-KISA-2023-072,주식회사 미버스랩스,"미버스랩스 홈페이지, MEVERSE 홈페이지, 키스토어, 스캔, 미버스덱스, 브릿지 서비스(비가상자산 분야)(심사받지 않은 물리적 인프라 제외)",2023-06-21~2026-06-20
ISMS,ISMS-KISA-2023-071,주식회사 무신사,"온라인 서비스 운영(무신사, 29CM, 레이지나잇)",2023-06-21~2026-06-20
ISMS,ISMS-KISA-2023-070,해피블록 주식회사,"가상자산 지갑 및 금융서비스(가상자산 중개, 운용, 위탁매매)(고시 제18조의2에 따른 예비인증)",2023-06-21~2026-06-20
ISMS,ISMS-KISA-2023-069,(주)스윗코리아,Swit 협업 툴 서비스 운영(심사받지 않은 물리적 인프라 제외),2023-06-21~2026-06-20
ISMS-P,ISMS-P-KISA-2023-026,주식회사 하이퍼라운지,홈페이지 및 데이터 분석 솔루션 앱,2023-06-07~2026-06-06
ISMS,ISMS-KISA-2023-068,세종사이버대학교,원격교육시스템 운영,2023-06-07~2026-06-06
ISMS,ISMS-KISA-2023-067,(주)호텔롯데,롯데호텔앤리조트 인터넷 홈페이지 서비스,2023-06-07~2026-06-06
ISMS-P,ISMS-P-FSI-2023-004,하나은행,마이데이터 서비스,2023-06-01~2026-05-31
ISMS,ISMS-FSI-2023-005,토스뱅크 주식회사,대표 홈페이지 및 인터넷뱅킹 서비스 운영(모바일),2023-06-01~2026-05-31
ISMS-P,ISMS-P-KISA-2023-025,주식회사 에스씨케이컴퍼니,"온라인 고객서비스 운영(웹페이지, 모바일 앱)",2023-05-17~2026-05-16
ISMS-P,ISMS-P-KISA-2023-024,원스토어 주식회사,통합 앱 마켓 운영(원스토어),2023-05-17~2026-05-16
ISMS-P,ISMS-P-KISA-2023-023,씨제이제일제당(주),CJ더마켓 온라인 쇼핑몰 서비스 운영 부문,2023-05-17~2026-05-16
ISMS,ISMS-KISA-2023-066,주식회사 스탬퍼,민트스캔 익스플로러 서비스 운영,2023-05-17~2026-05-16
ISMS,ISMS-KISA-2023-065,(주)해커스어학원,온라인 수강신청 서비스 운영,2023-05-17~2026-05-16
ISMS,ISMS-KISA-2023-064,주식회사 아임웹,노코드 홈페이지 구축 플랫폼 서비스 (심사받지 않은 물리적 인프라 제외),2023-05-17~2026-05-16
ISMS,ISMS-KISA-2023-063,(주)신세계까사,온라인 쇼핑몰 운영,2023-05-17~2026-05-16
ISMS,ISMS-KISA-2023-062,주식회사 체인파트너스,가상자산 거래소 Changer 서비스 운영(Changer Defi 및 심사받지 않은 물리적 인프라 제외)(고시 제18조의2에 따른 예비인증),2023-05-17~2026-05-16
ISMS,ISMS-KISA-2023-061,주) 비지에프네트웍스,"BGF네트웍스 택배서비스(CUPOST), 모바일상품권(CU-PON) 운영",2023-05-17~2026-05-16
ISMS-P,ISMS-P-KISA-2023-022,(주)GC케어,"어떠케어 및 헬스케어 서비스(건강관리, 검진서비스) 운영",2023-05-03~2026-05-02
ISMS-P,ISMS-P-KISA-2023-021,예스이십사 주식회사,온라인 서비스 운영(YES24),2023-05-03~2026-05-02
ISMS-P,ISMS-P-KISA-2023-020,한국고용정보원,고용노동분석시스템,2023-05-03~2026-05-02
ISMS-P,ISMS-P-KISA-2023-019,(주) 신한디에스,대표 홈페이지 및 협력사 관리시스템,2023-05-03~2026-05-02
ISMS,ISMS-KISA-2023-060,케이카 주식회사,"케이카(주) 정보통신 서비스 운영(K Car 직영몰, K Car 옥션)",2023-05-03~2026-05-02
ISMS,ISMS-KISA-2023-059,서귀포시,서귀포시 홈페이지 운영,2023-05-03~2026-05-02
ISMS,ISMS-KISA-2023-058,두나무 주식회사,"두나무 서비스 운영(증권플러스, 증권플러스 비상장, 온보드, 세컨블록, 투자자보호센터)",2023-05-03~2026-05-02
ISMS,ISMS-KISA-2023-057,(주)이랜드월드,이랜드월드 온라인 서비스 운영,2023-05-03~2026-05-02
ISMS,ISMS-KISA-2023-056,온라인팜 주식회사,"온라인팜 서비스(HMP몰, 프로캄, 온키오스크, 온커넥트) 운영",2023-05-03~2026-05-02
ISMS,ISMS-KISA-2023-055,(주)케이티밀리의서재,밀리의 서재 대고객 서비스,2023-05-03~2026-05-02
ISMS,ISMS-KISA-2023-051,주식회사 우아한청년들,위탁기반 배달대행 서비스(우아한형제들 제공)의 관리 인프라 및 홈페이지 운영,2026-04-19~2029-04-18
ISMS,ISMS-KISA-2023-050,이제너두(주),"복리후생관, 온누리시장, 지역몰, B2B몰 서비스 운영",2026-04-19~2029-04-18
ISMS-P,ISMS-P-KISA-2023-016,주식회사 우아한형제들,"우아한형제들 온라인 서비스 운영(배달의민족, 배민커넥트, 배민비즈회원, 배민외식업광장, 배민상회, 배민아카데미, 배민셀프서비스)",2026-04-05~2029-04-04
ISMS-P,ISMS-P-KISA-2023-015,에스케이인텔릭스(주),대고객 서비스 및 통합영업관리시스템,2026-04-05~2029-04-04
ISMS-P,ISMS-P-KISA-2023-014,코나아이(주),"코나아이 결제 플랫폼 서비스(코나카드, 지역화폐)",2026-04-05~2029-04-04
ISMS,ISMS-FSI-2023-002,농협손해보험 주식회사,대표 홈페이지 및 모바일 웹/앱 서비스 운영,2026-03-29~2029-03-28
ISMS,ISMS-KISA-2023-039,조선대학교병원,"의료정보시스템(EMR, OCS) 및 홈페이지 서비스 운영",2026-03-22~2029-03-21
ISMS,ISMS-KISA-2023-038,유니시티코리아(유),유니시티코리아 회원관리시스템 및 대외서비스(심사받지 않은 물리적 인프라 제외),2026-03-22~2029-03-21
ISMS,ISMS-KISA-2023-030,언더아머코리아 (유),온라인 쇼핑몰 서비스 운영(이커머스)(심사받지 않은 물리적 인프라 및 SaaS서비스 제외),2026-03-08~2029-03-07
ISMS,ISMS-KISA-2023-029,(주)한국무역정보통신,"전자무역, 전자물류, 전자상거래무역, 공동인증, 전자법무, 전자수입인지, 전자문서보관, 전자문서유통, 홈페이지 서비스 운영",2026-03-08~2029-03-07
ISMS,ISMS-KISA-2023-027,(주)직방,인터넷 정보제공(직방) 서비스 운영(심사 받지 않은 물리적 인프라 제외),2026-02-15~2029-02-14
ISMS,ISMS-KISA-2023-025,(주)에이블씨엔씨,온라인 서비스 운영(에이블샵 및 브랜드/기업 홈페이지),2026-02-15~2029-02-14
ISMS,ISMS-KISA-2023-018,주식회사 아이아이컴바인드,"아이아이컴바인드 온라인 서비스(젠틀몬스터, 탬버린즈)",2026-02-15~2029-02-14
ISMS-P,ISMS-P-KISA-2023-006,한국정보인증주식회사,공동인증 서비스,2026-02-01~2029-01-31
ISMS-P,ISMS-P-KISA-2023-004,주식회사 카카오,카카오 서비스 운영(카카오 인증서 및 전자문서 포함),2026-02-01~2029-01-31
ISMS-P,ISMS-P-FSI-2023-001,한화투자증권,"전자금융서비스(트레이딩, 뱅킹, 금융상품)",2026-02-01~2029-01-31
ISMS,ISMS-KISA-2023-016,(주)한국케이블텔레콤,"정보통신망 서비스 운영(VoIP, MVNO)",2026-02-01~2029-01-31
ISMS,ISMS-KISA-2023-015,(주)서경방송,인터넷서비스 운영(서경방송),2026-02-01~2029-01-31
ISMS,ISMS-KISA-2023-014,중앙대학교병원,종합의료정보시스템(EMR/OCS) 및 홈페이지 서비스 운영,2026-02-01~2029-01-31
ISMS-P,ISMS-P-KISA-2023-003,엔카닷컴 주식회사,자동차 거래 및 정보 제공 서비스 운영(엔카닷컴),2026-01-18~2029-01-17
ISMS,ISMS-KISA-2023-010,(주)유스비,"비대면본인인증 토탈 간편솔루션(신분증 OCR 및 진위확인, 1원 계좌인증, 안면인증서비스)(정보통신망법 제47조의7에 따른 인증의 특례)",2026-01-18~2029-01-17
ISMS,ISMS-KISA-2023-009,(주)크레버스,크레버스 온라인 교육 서비스 운영(가맹점 제외),2026-01-18~2029-01-17
ISMS,ISMS-KISA-2023-007,(주)천재교과서,온라인 교육 서비스 및 온라인 학원 서비스 운영,2026-01-18~2029-01-17
ISMS,ISMS-KISA-2023-005,(주)두들린,채용(Greeting) 서비스 (정보통신망법 제47조의7에 따른 인증의 특례),2026-01-18~2029-01-17
ISMS,ISMS-KISA-2023-003,아시아나IDT (주),데이터센터(IDC) 인프라 운영,2026-01-04~2029-01-03
ISMS,ISMS-KISA-2022-160,드림마크원 주식회사,IDC 인프라 운영,2025-12-22~2028-12-21
ISMS,ISMS-KISA-2022-159,웹케시(주),"웹케시 홈페이지, 택스빌365",2025-12-22~2028-12-21
ISMS,ISMS-KISA-2022-153,주식회사 현대이지웰,"복지몰 서비스 운영 (온라인복지몰, 온누리전통시장, 이지웰Pay, 지역몰, 특판몰, 법인홈페이지)",2025-12-21~2028-12-20
ISMS,ISMS-KISA-2022-150,효성ITX(주),"CDN 서비스 및 Co-Location 서비스, 컨택센터 서비스",2025-12-07~2028-12-06
ISMS,ISMS-KISA-2022-149,(주)신세계,"신세계 백화점 대고객(온라인),시코르몰, 법인영업몰 서비스 운영",2025-12-07~2028-12-06
ISMS,ISMS-FSI-2022-014,신용회복위원회,인터넷을 통한 대고객 서비스 운영,2025-11-23~2028-11-22
ISMS,ISMS-KISA-2022-143,삼성전자로지텍(주),"온라인 자재판매 서비스 및 운영시스템(홈페이지, 교육입과, FIS, PMS, SDMS)",2025-11-17~2028-11-16
ISMS-P,ISMS-P-KISA-2022-046,(주)에스원,"물리보안, 영상보안, 출입근태, 정보보안",2025-11-16~2028-11-15
ISMS,ISMS-KISA-2022-142,주식회사 모비릭스,모바일 게임 서비스 운영(심사받지 않은 물리적 인프라 제외),2025-11-16~2028-11-15
ISMS,ISMS-KISA-2022-141,엔에이치엔클라우드 주식회사,NHN Cloud Center (IDC),2025-11-16~2028-11-15
ISMS,ISMS-KISA-2022-138,(주)에스원,"차량관리, 이동통신, 출입보안, 건물관리",2025-11-16~2028-11-15
ISMS,ISMS-KISA-2022-137,주식회사 엠제이앤엠,온라인 쇼핑몰 서비스(다바걸)(정보통신망법 제47조의7에 따른 인증의 특례),2025-11-16~2028-11-15
ISMS,ISMS-KISA-2022-136,"주식회사 카사코리아(kasa korea Co.,Ltd.)",카사 서비스 운영,2025-11-16~2028-11-15
ISMS-P,ISMS-P-KISA-2022-044,지에스건설(주),XI 및 XI HOME 대고객(온라인 회원) 서비스,2025-11-02~2028-11-01
ISMS-P,ISMS-P-KISA-2022-043,(주)디어유,대외 온라인 서비스 운영(심사받지 않은 물리적 인프라 제외),2025-11-02~2028-11-01
ISMS,ISMS-KISA-2022-135,원광디지털대학교,원격교육시스템 운영,2025-11-02~2028-11-01
ISMS-P,ISMS-P-FSI-2022-008,케이비증권,마이데이터 서비스(심사받지 않은 물리적 인프라 제외),2025-10-28~2028-10-27
ISMS,ISMS-FSI-2022-012,하나생명보험(주),"대표 홈페이지 및 모바일 청약, 사이버창구 운영",2025-10-28~2028-10-27
ISMS-P,ISMS-P-KISA-2022-041,네이버웹툰 유한회사,네이버웹툰 온라인 서비스 운영(심사받지 않은 물리적 인프라 제외),2025-10-19~2028-10-18
ISMS,ISMS-KISA-2022-133,한국전자인증 주식회사,"한국전자인증의 공동인증서비스, Private인증서비스",2025-10-19~2028-10-18
ISMS,ISMS-KISA-2022-132,주식회사 이월드,"이월드 온라인 서비스 운영(테마파크, 83타워)",2025-10-19~2028-10-18
ISMS-P,ISMS-P-KISA-2022-039,네이버(주),"네이버 서비스 운영(고객센터, 비즈니스, 네이버인증서 및 전자문서 포함) 및 이용자(B2C, B2B) 개인정보 관리 (심사받지 않은 물리적 인프라 제외)",2025-10-05~2028-10-04
ISMS,ISMS-FSI-2022-011,주식회사 비엔케이시스템,BNK금융 그룹 공동망 시스템 및 홈페이지 운영,2025-09-22~2028-09-21
ISMS,ISMS-KISA-2022-126,(주)영원아웃도어,"온라인 쇼핑몰(노스페이스, 영원아웃도어)",2025-09-21~2028-09-20
ISMS,ISMS-KISA-2022-120,(주)에프앤가이드,에프앤가이드 온라인 서비스 운영(정보통신망법 제47조의7에 따른 인증의 특례),2025-09-07~2028-09-06
ISMS-P,ISMS-P-KISA-2022-035,(주) 소노스테이션,"소노스테이션 고객 업무 서비스 (소노아임레디, 하이브리드 서비스, 버킷 마켓, 의전서비스, 영업 지원서비스, 콜센터)",2025-08-18~2028-08-17
ISMS,ISMS-KISA-2022-119,(재)새마을금고복지회,"메인 홈페이지, 쇼핑몰 및 정보시스템 서비스의 운용",2025-08-18~2028-08-17
ISMS,ISMS-KISA-2022-117,이엘씨에이한국(유),온라인 쇼핑몰 서비스 운영(ELCA 브랜드 공식쇼핑몰),2025-08-18~2028-08-17
ISMS,ISMS-KISA-2022-116,블루월넛(주),전자지급결제대행(PG) 서비스,2025-08-18~2028-08-17
ISMS,ISMS-KISA-2022-115,주식회사 케이티에이치씨엔,"인터넷, 인터넷 전화 서비스, 방송 시스템 운영",2025-08-18~2028-08-17
ISMS,ISMS-KISA-2022-114,(주) 액토즈소프트,"온라인 게임 서비스(파이널판타지14, 라테일)",2025-08-18~2028-08-17
ISMS-P,ISMS-P-KISA-2022-034,(주)케이티클라우드,Cloud 서비스,2025-08-17~2028-08-16
ISMS,ISMS-KISA-2022-106,강남대성학원(주),강남대성학원 온라인 서비스 운영(대표홈페이지)(정보통신망법 제47조의7에 따른 인증의 특례),2025-08-17~2028-08-16
ISMS,ISMS-KISA-2022-104,이화의대부속서울병원,"의료정보시스템(EMR), 진료예약 서비스 홈페이지 및 모바일 앱",2025-08-17~2028-08-16
ISMS,ISMS-KISA-2022-103,이화의대부속목동병원,"의료정보시스템(EMR), 진료예약 서비스 홈페이지 및 모바일 앱",2025-08-17~2028-08-16
ISMS,ISMS-KISA-2022-102,(주)케이티클라우드,"IDC(코로케이션 및 서버호스팅) 서비스, CDN서비스",2025-08-17~2028-08-16
ISMS-P,ISMS-P-KISA-2022-031,롯데건설(주),분양(롯데캐슬) 및 임대 (Elyes) 시스템 운영,2025-08-03~2028-08-02
ISMS-P,ISMS-P-KISA-2022-029,베스핀글로벌 주식회사,클라우드 매니지드 서비스 운영 (Cloud MSP),2025-08-03~2028-08-02
ISMS,ISMS-KISA-2022-099,에이치앤엠헤네스앤모리츠 주식회사,온라인 쇼핑몰 서비스운영(에이치앤엠닷컴코리아)(심사받지 않은 물리적 인프라 제외),2025-08-03~2028-08-02
ISMS,ISMS-KISA-2022-097,(주)에이케이인터렉티브,게임서비스 운영(거상),2025-08-03~2028-08-02
ISMS,ISMS-KISA-2022-095,인성데이타(주),"인성데이타 물류솔루션 운영(물류배송, 퀵서비스, 대리운전), 대구로 서비스(정보통신망법 제47조의7에 따른 인증의 특례)",2025-08-03~2028-08-02
ISMS,ISMS-KISA-2022-094,주식회사 트라이씨클,"온라인 쇼핑몰 서비스 운영(하프클럽, 보리보리)",2025-08-03~2028-08-02
ISMS,ISMS-KISA-2022-092,(주)한국디지털자산수탁,가상자산 보관/관리 및 이전 서비스,2025-08-03~2028-08-02
ISMS,ISMS-KISA-2022-089,디지털엣지코리아 유한회사,데이터센터 물리시설 운영,2025-08-03~2028-08-02
ISMS-P,ISMS-P-KISA-2022-027,(주) 미디어윌,"인터넷 정보 제공서비스(벼룩시장, 부동산써브, 영업관리시스템)",2025-07-20~2028-07-19
ISMS-P,ISMS-P-KISA-2022-026,국립암센터,"암빅데이터센터 서비스 운영(임상연구데이터웨어하우스, 암임상데이터통합시스템, 국가암데이터센터포털, 암감시모니터링서비스, 결합전문기관시스템)",2025-07-20~2028-07-19
ISMS,ISMS-KISA-2022-084,주식회사 디쉐어,온라인 교육 서비스 운영,2025-07-20~2028-07-19
ISMS,ISMS-KISA-2022-083,학교법인 성균관대학 삼성창원병원,"의료정보시스템(EMR, OCS) 및 홈페이지 서비스 운영",2025-07-20~2028-07-19
ISMS,ISMS-KISA-2022-081,남양유업 주식회사,"온라인 쇼핑몰 및 대외서비스 운영(남양몰, 대표 홈페이지, 브랜드 홈페이지)",2025-07-06~2028-07-05
ISMS,ISMS-KISA-2022-080,(주)케이에스넷,카드 VAN 및 PG 서비스 운영,2025-07-06~2028-07-05
ISMS,ISMS-KISA-2022-079,화순전남대학교병원,의료정보시스템(EMR. OCS) 및 대표홈페이지 서비스 운영,2025-07-06~2028-07-05
ISMS,ISMS-KISA-2022-078,전남대학교병원,의료정보시스템(EMR. OCS) 및 대표홈페이지 서비스 운영,2025-07-06~2028-07-05
ISMS,ISMS-KISA-2022-076,주식회사데이타존,DM 제작 및 발송 서비스,2025-07-06~2028-07-05
ISMS,ISMS-FSI-2022-008,쿠팡페이 주식회사,"쿠페이 전자금융서비스 운영(선불전자지급, 전자지급결제 대행, 결제대금예치)(심사받지 않은 물리적 인프라 제외)",2025-06-27~2028-06-26
ISMS-P,ISMS-P-KISA-2022-025,숭실대학교,학부대상 학사정보서비스,2025-06-15~2028-06-14
ISMS-P,ISMS-P-KISA-2022-024,코웨이 주식회사,코웨이 온라인 서비스(코웨이닷컴),2025-06-15~2028-06-14
ISMS-P,ISMS-P-KISA-2022-023,(주) 에스에스지닷컴,온라인 쇼핑몰 서비스 및 간편결제 서비스,2025-06-15~2028-06-14
ISMS,ISMS-KISA-2022-075,영남대학교,"학사행정시스템 운영(학적, 성적관리, 학사관리)",2025-06-15~2028-06-14
ISMS,ISMS-KISA-2022-074,(주)케이스카이비,메시징 서비스 (정보통신망법 제47조의 7에 따른 인증의 특례),2025-06-15~2028-06-14
ISMS,ISMS-KISA-2022-072,사단법인 대한문화체육교육협회,장애인자립지원단 DM 서비스 운영,2025-06-15~2028-06-14
ISMS,ISMS-KISA-2022-069,가천대학교,"학사정보시스템 운영(학적, 성적관리, 학사관리)",2025-05-18~2028-05-17
ISMS,ISMS-KISA-2022-066,주식회사 골든플랫폼,"온라인 쇼핑몰 및 구매대행 서비스 (아이피스몰, 오패스몰, MRO)",2025-05-18~2028-05-17
ISMS,ISMS-KISA-2022-065,주식회사 폴라리스오피스,"폴라리스 오피스, 브이가드 서비스 운영 (심사받지 않은 물리적 인프라 제외)(정보통신망법 제47조의7에 따른 인증의 특례)",2025-05-18~2028-05-17
ISMS,ISMS-KISA-2022-063,주식회사 위메이드,온라인 게임 서비스 및 홈페이지 운영,2025-05-18~2028-05-17
ISMS,ISMS-KISA-2022-062,(주) 유웨이어플라이,국내 원서접수 대행 서비스(정보통신망법 제47조의7에 따른 인증의 특례),2025-05-18~2028-05-17
ISMS-P,ISMS-P-KISA-2022-022,잼팟 주식회사,국내 온라인 게임 서비스,2025-05-04~2028-05-03
ISMS-P,ISMS-P-KISA-2022-021,주식회사 골프존카운티,"골프장 예약, 부킹 등 대 고객 서비스(직영 골프장 및 티스캐너 서비스)",2025-05-04~2028-05-03
ISMS,ISMS-KISA-2022-058,원광대학교,"학사정보시스템 운영(학적, 성적관리, 학사관리)",2025-05-04~2028-05-03
ISMS,ISMS-KISA-2022-057,마이크로소프트 코퍼레이션,마이크로소프트 클라우드 서비스(Azure) 한국 리전의 인프라 운영(심사받지 않은 물리적 인프라 제외),2025-05-04~2028-05-03
ISMS,ISMS-KISA-2022-056,홈플러스(주),홈플러스 인터넷 쇼핑몰 운영,2025-05-04~2028-05-03
ISMS,ISMS-KISA-2022-055,(주) 티알엔,T-커머스 및 모바일 서비스 운영(쇼핑엔티),2025-05-04~2028-05-03
ISMS,ISMS-KISA-2022-053,(주)화해글로벌,화해 서비스,2025-05-04~2028-05-03
ISMS-P,ISMS-P-KISA-2022-018,에스케이스토아주식회사,T커머스 서비스,2025-04-20~2028-04-19
ISMS-P,ISMS-P-KISA-2022-016,(주)한글과컴퓨터,생산성서비스 및 채용서비스,2025-04-20~2028-04-19
ISMS,ISMS-KISA-2022-051,주식회사 티빙,TVING OTT 서비스를 위한 인프라 운영,2025-04-20~2028-04-19
ISMS,ISMS-KISA-2022-050,홍익대학교,"학사행정시스템 운영(학적, 성적관리, 학사관리)",2025-04-20~2028-04-19
ISMS,ISMS-KISA-2022-049,한국외국어대학교,"학사행정시스템 운영(학적, 성적, 학사, 증명발급)",2025-04-20~2028-04-19
ISMS,ISMS-KISA-2022-048,주식회사 동화세상에듀코,동화세상에듀코 인재양성 코칭서비스,2025-04-20~2028-04-19
ISMS,ISMS-KISA-2022-047,(주)챔프스터디,인터넷 강의서비스 운영,2025-04-20~2028-04-19
ISMS,ISMS-KISA-2022-044,(주)한글과컴퓨터,한컴오피스 및 온라인 서비스,2025-04-20~2028-04-19
ISMS-P,ISMS-P-KISA-2022-012,서울올림픽기념국민체육진흥공단,대외 서비스(체육진흥투표권 인터넷발매시스템),2025-04-06~2028-04-05
ISMS,ISMS-KISA-2022-042,단국대학교,"학사행정시스템 운영(학적, 성적관리, 학사관리, 증명발급)",2025-04-06~2028-04-05
ISMS,ISMS-KISA-2022-041,(주)한국문화진흥,컬쳐랜드 온라인 서비스 운영,2025-04-06~2028-04-05
ISMS,ISMS-KISA-2022-040,(주)대교,"대교 온라인 서비스 운영(마카다미아, 어린이TV, 뉴이프플러스)",2025-04-06~2028-04-05
ISMS-P,ISMS-P-KISA-2022-011,주식회사 동행복권,동행복권 복권포탈 서비스,2025-03-16~2028-03-15
ISMS,ISMS-KISA-2022-038,주식회사 페이게이트,"페이게이트 세이퍼트 플랫폼(전자결제, P2P 금융, 해외송금)",2025-03-16~2028-03-15
ISMS,ISMS-KISA-2022-037,에퀴닉스코리아 유한회사,데이터센터 운영(코로케이션),2025-03-16~2028-03-15
ISMS,ISMS-KISA-2022-035,니오라코리아(유),별정통신서비스(플래시모바일)및 온라인서비스(에센셜)운영 (심사받지 않은 물리적 인프라 제외),2025-03-16~2028-03-15
ISMS,ISMS-KISA-2022-034,(주)한빛소프트,모바일 및 온라인게임 서비스 (정보통신망법 제47조의7에 따른 인증의 특례),2025-03-16~2028-03-15
ISMS,ISMS-KISA-2022-033,주식회사 유디아이디,"전자지불서비스(페이앱, 라이트페이) 및 부가서비스 (블로그페이, 유캔사인, 메이크링크, 프로셀, 픽셀) 운영 (정보통신망법 제47조의7에 따른 인증의 특례)",2025-03-16~2028-03-15
ISMS,ISMS-KISA-2022-032,롯데컬처웍스(주),온라인 예매 서비스 운영,2025-03-16~2028-03-15
ISMS,ISMS-KISA-2022-031,주식회사 케이티,KT-MEG 에너지 통합운영 서비스,2025-03-16~2028-03-15
ISMS,ISMS-KISA-2022-030,(주)시큐브,정보보호 솔루션 개발 및 전자계약서비스(정보통신망법 제47조의7에 따른 인증의 특례),2025-03-02~2028-03-01
ISMS,ISMS-KISA-2022-029,(주)제이앤와이스타일,분홍코끼리 온라인 쇼핑몰 운영(정보통신망법 제47조의7에 따른 인증의 특례),2025-03-02~2028-03-01
ISMS,ISMS-KISA-2022-028,한국통신인터넷기술주식회사,한국통신인터넷기술 KTC IDC 보안관제서비스 운영(정보통신망법 제47조의 7에 따른 인증의 특례),2025-03-02~2028-03-01
ISMS,ISMS-KISA-2022-027,(주)모빈스,휴대폰 보험가입자 단말기 보상지원 서비스 운영,2025-03-02~2028-03-01
ISMS,ISMS-KISA-2022-024,고려대학교,"학사행정시스템 운영(학적, 성적, 학사 관리)",2025-03-02~2028-03-01
ISMS,ISMS-KISA-2022-022,메가엠디(주),메가엠디 온라인 교육 서비스,2025-03-02~2028-03-01
ISMS,ISMS-KISA-2022-021,(주) 트리,온라인 쇼핑몰 운영(도매토피아)(정보통신망법 제47조의7에 따른 인증의 특례),2025-03-02~2028-03-01
ISMS,ISMS-FSI-2022-007,하나펀드서비스,전사 펀드 서비스 운영,2025-02-23~2028-02-22
ISMS,ISMS-FSI-2022-006,엔에이치농협캐피탈,"대고객 전자금융서비스 운영(웹, 모바일)",2025-02-23~2028-02-22
ISMS,ISMS-FSI-2022-004,(주)하나금융티아이,"통합데이터센터, 통합보안관제, 클라우드 및 공인전자문서 서비스 운영",2025-02-23~2028-02-22
ISMS,ISMS-KISA-2022-016,(주)골프존커머스,"인터넷 쇼핑몰 운영(골프존마켓, 골핑) 및 중고거래플랫폼 운영(이웃)",2025-02-16~2028-02-15
ISMS,ISMS-KISA-2022-014,(주)아이알큐더스,큐더스웍스 온라인 서비스,2025-02-16~2028-02-15
ISMS,ISMS-KISA-2022-012,엔에이치엔커머스(주),인터넷 쇼핑몰 솔루션 구축 서비스 운영,2025-02-16~2028-02-15
ISMS,ISMS-KISA-2022-011,한국도로공사,한국도로공사 데이터(DR)센터 운영(인프라 및 보안서비스),2025-02-16~2028-02-15
ISMS,ISMS-KISA-2022-010,라인게임즈 주식회사,인터넷 게임서비스 운영,2025-02-16~2028-02-15
ISMS,ISMS-KISA-2022-007,(주)지니뮤직,음악포털 서비스(genie)운영(심사받지 않은 물리적 인프라 제외),2025-01-19~2028-01-18
ISMS,ISMS-KISA-2022-006,롯데하이마트(주),온라인 쇼핑몰 운영(롯데하이마트),2025-01-19~2028-01-18
ISMS,ISMS-KISA-2022-005,(주)더존비즈온,"전자금융서비스, 전자문서서비스, IDC서비스",2025-01-19~2028-01-18
ISMS,ISMS-KISA-2022-003,(주)한국경제티브이,"온라인 서비스 운영(한국경제TV, 와우넷, 와우아카데미, 주식창)",2025-01-19~2028-01-18
ISMS-P,ISMS-P-KISA-2022-001,(주)미디어윌네트웍스,리크루팅 서비스(알바천국),2025-01-05~2028-01-04
ISMS,ISMS-KISA-2022-002,(주)큐브릿지,"온라인 쇼핑몰 운영(오피스플러스, 토스몰 기프트앤플러스)",2025-01-05~2028-01-04
ISMS,ISMS-FSI-2021-027,효성에프엠에스(주),전자금융결제서비스,2024-12-24~2027-12-23
ISMS-P,ISMS-P-KISA-2021-045,SK 네트웍스,워커힐 호텔 서비스 운영,2024-12-15~2027-12-14
ISMS,ISMS-KISA-2021-242,(주)동아닷컴,동아닷컴 인터넷 뉴스 서비스 인프라 운영,2024-12-15~2027-12-14
ISMS,ISMS-KISA-2021-241,SK 네트웍스,"온라인 서비스 운영(대리점 휴대폰 주문 및 악세사리 판매, ICT 마케팅)",2024-12-15~2027-12-14
ISMS,ISMS-KISA-2021-240,(주) 진에어,인터넷 예약발권 및 대외서비스 운영,2024-12-15~2027-12-14
ISMS,ISMS-KISA-2021-239,현대퓨처넷(주),"현대퓨처넷 고객서비스 운영(디지털 사이니지, 메시징)",2024-12-15~2027-12-14
ISMS,ISMS-KISA-2021-237,(주) 대한항공,대한항공 여객 및 화물 홈페이지,2024-12-15~2027-12-14
ISMS,ISMS-KISA-2021-232,한국의약품안전관리원,마약류통합관리시스템 운영,2024-12-15~2027-12-14
ISMS-P,ISMS-P-KISA-2021-037,농림축산식품부,농림사업정보시스템(AgriX) 서비스,2024-12-01~2027-11-30
ISMS,ISMS-KISA-2021-230,케이티지디에이치 주식회사,데이터센터 서비스(국내 및 국외 사업부문),2024-12-01~2027-11-30
ISMS,ISMS-KISA-2021-225,에스케이텔레콤 (주),이동통신서비스 인프라 운용,2024-12-01~2027-11-30
ISMS,ISMS-KISA-2021-224,국민대학교,"학사행정시스템 운영(학적, 성적관리, 학사관리)",2024-12-01~2027-11-30
ISMS-P,ISMS-P-FSI-2021-010,삼성생명보험,홈페이지 및 다이렉트 보험 서비스(GA 채널 제외),2024-11-30~2027-11-29
ISMS,ISMS-KISA-2021-221,현대무벡스(주),집적정보통신시설(IDC) 운영,2024-11-17~2027-11-16
ISMS,ISMS-KISA-2021-219,한양사이버대학교,원격교육시스템 운영,2024-11-03~2027-11-02
ISMS,ISMS-KISA-2021-218,에스케이엠앤서비스 주식회사,SK엠앤서비스 베네피아 외 대외 서비스,2024-11-03~2027-11-02
ISMS,ISMS-KISA-2021-217,코리아이플랫폼 (주),온라인 구매대행 서비스 운영(코리아비투비),2024-11-03~2027-11-02
ISMS,ISMS-KISA-2021-215,한국모바일인증 주식회사,"본인확인 서비스, MyOTP, 본인확인 도용방지 서비스(INFOCAP) 운영",2024-11-03~2027-11-02
ISMS-P,ISMS-P-FSI-2021-009,미래에셋증권,"전자금융서비스(트레이딩, 뱅킹, 금융상품)",2024-11-02~2027-11-01
ISMS-P,ISMS-P-FSI-2021-008,신한투자증권(주),"전자금융서비스(트레이딩, 뱅킹, 금융상품, 종합자산관리, 투자정보)(심사받지 않은 물리적 인프라 제외)",2024-11-02~2027-11-01
ISMS,ISMS-FSI-2021-020,아이엠증권,"트레이딩 시스템 운영(HTS, MTS, WTS)",2024-11-02~2027-11-01
ISMS,ISMS-FSI-2021-019,농협은행,금고시스템 운영,2024-11-02~2027-11-01
ISMS-P,ISMS-P-KISA-2021-033,(주)경동도시가스,대표 홈페이지 및 고객관리 서비스,2024-10-21~2027-10-20
ISMS,ISMS-KISA-2021-211,(주)정상제이엘에스,정상제이엘에스 온라인 교육서비스 및 교재몰 운영,2024-10-21~2027-10-20
ISMS,ISMS-KISA-2021-208,(주)대림,대림 통합데이터센터(IDC) 인프라 운영,2024-10-21~2027-10-20
ISMS,ISMS-KISA-2021-207,크록스코리아 주식회사,Crocs 온라인 쇼핑몰 서비스 운영(심사받지 않은 물리적 인프라 및 SaaS서비스 인프라 영역제외),2024-10-21~2027-10-20
ISMS,ISMS-KISA-2021-203,(주)조선일보사,조선닷컴 인터넷 뉴스 서비스 운영(심사받지 않은 물리적 인프라 제외),2024-10-20~2027-10-19
ISMS,ISMS-KISA-2021-200,(주)지앤지커머스,"온라인 쇼핑몰 및 교육센터 운영(도매꾹, 도매매, 나까마, 도매꾹도매매교육센터 등)",2024-10-20~2027-10-19
ISMS,ISMS-KISA-2021-199,한솔피엔에스주식회사 아이티서비스부문,VIDC 운영,2024-10-20~2027-10-19
ISMS,ISMS-KISA-2021-197,주식회사 엘오에이,"온라인 쇼핑몰 운영(리린,안나리치)",2024-10-20~2027-10-19
ISMS,ISMS-KISA-2021-195,주식회사 아이티이지,"서버호스팅, 도메인 등록 대행, 클라우드 서비스, SMS/알림톡 서비스",2024-10-20~2027-10-19
ISMS,ISMS-KISA-2021-193,(주) 코스트코 코리아,코스트코 온라인몰 서비스 운영(심사받지 않은 물리적 인프라 제외),2024-10-20~2027-10-19
ISMS,ISMS-KISA-2021-190,(주)이카운트,이카운트 웹ERP 및 웹메일 서비스 운영,2024-10-20~2027-10-19
ISMS,ISMS-KISA-2021-188,(주)에프엔에스리테일,온라인쇼핑몰 운영(사뿐),2024-10-20~2027-10-19
ISMS,ISMS-KISA-2021-187,(주)스트리미,가상자산 거래소 운영(GOPAX),2024-10-06~2027-10-05
ISMS,ISMS-KISA-2021-183,케이티스카이라이프(주),"방송(위성), 인터넷(ISP), 모바일(MVNO), VOD플랫폼, 홈페이지 및 온라인 쇼핑몰 운영",2024-10-06~2027-10-05
ISMS,ISMS-KISA-2021-182,롯데쇼핑(주),"롯데백화점 온라인 서비스 운영(홈페이지, 문화센터, 웨딩)",2024-10-06~2027-10-05
ISMS,ISMS-KISA-2021-181,(주)딜라이브강남케이블티브이,"초고속 인터넷, 인터넷 전화 서비스 운영",2024-10-06~2027-10-05
ISMS,ISMS-KISA-2021-180,(주)와이앤제이21,온라인 쇼핑몰 운영(캔마트),2024-10-06~2027-10-05
ISMS,ISMS-KISA-2021-179,한국선불카드 주식회사,"선불카드 서비스 운영(모바일팝, 팔라고)",2024-10-06~2027-10-05
ISMS,ISMS-KISA-2021-178,(주)한성,온라인 쇼핑몰 서비스 운영(슈퍼스토어),2024-10-06~2027-10-05
ISMS,ISMS-KISA-2021-177,(주)한진,종합 물류 서비스 운영,2024-10-06~2027-10-05
ISMS,ISMS-KISA-2021-174,동아대학교,"학사행정시스템 운영(학적, 성적관리, 수강신청, 학사관리, 증명발급)",2024-10-06~2027-10-05
ISMS,ISMS-KISA-2021-173,국제사이버대학교,원격 교육시스템 운영,2024-10-06~2027-10-05
ISMS,ISMS-FSI-2021-016,전북은행,"인터넷 뱅킹서비스(웹, 모바일), 지자체 금고시스템 및 전산센터 운영",2024-09-27~2027-09-26
ISMS,ISMS-FSI-2021-015,부산은행,"인터넷뱅킹서비스 운영(웹, 모바일) 및 전산센터 운영",2024-09-27~2027-09-26
ISMS,ISMS-FSI-2021-013,(주)국민은행,IT전산센터 및 금고시스템 운영,2024-09-27~2027-09-26
ISMS,ISMS-FSI-2021-011,토스페이먼츠 주식회사,"전자지급결제대행(PG), VAN, 자금관리(CMS) 서비스(심사받지 않은 물리적 인프라 제외)",2024-09-27~2027-09-26
ISMS,ISMS-KISA-2021-168,대구사이버대학교,원격교육시스템 운영,2024-09-08~2027-09-07
ISMS,ISMS-KISA-2021-167,아슈리온코리아(유),휴대폰 단말 보험 서비스,2024-09-08~2027-09-07
ISMS,ISMS-KISA-2021-165,주식회사 마인드시프트,가상자산 보관서비스 운영(custella) (심사받지 않은 물리적 인프라 제외),2024-09-08~2027-09-07
ISMS,ISMS-KISA-2021-162,주식회사 그레이브릿지,가상자산 거래소 서비스 운영(비블록),2024-09-08~2027-09-07
ISMS,ISMS-KISA-2021-161,(주)일룸,"일룸 온라인 서비스 운영(일룸몰, 데스커몰, 슬로우몰, 커넥트플러스)",2024-09-08~2027-09-07
ISMS,ISMS-KISA-2021-159,주식회사 버킷플레이스,오늘의집 서비스 운영,2024-09-08~2027-09-07
ISMS,ISMS-KISA-2021-157,(주) 육육걸즈,온라인 쇼핑몰 운영(육육걸즈),2024-09-08~2027-09-07
ISMS,ISMS-KISA-2021-156,주식회사 프라뱅,가상자산 거래소 운영(프라뱅),2024-09-08~2027-09-07
ISMS-P,ISMS-P-KISA-2021-028,(주)누리미디어,학회 학술지 및 한국학 콘텐츠 서비스,2024-09-01~2027-08-31
ISMS-P,ISMS-P-KISA-2021-027,두나무 주식회사,가상자산 거래소 및 지갑 서비스 운영(업비트),2024-09-01~2027-08-31
ISMS,ISMS-KISA-2021-152,인크로스 주식회사,"온라인광고 서비스 운영(Dawin, i-cast, cm)",2024-09-01~2027-08-31
ISMS,ISMS-KISA-2021-151,주식회사 카르도,가상자산 수탁(커스터디) 서비스,2024-09-01~2027-08-31
ISMS,ISMS-KISA-2021-149,(주)데이콤크로싱,광대역국제회선 서비스 제공 플랫폼 및 홈페이지 운영,2024-09-01~2027-08-31
ISMS,ISMS-KISA-2021-147,(주)미디어로그,미디어로그 온라인 서비스 운영,2024-09-01~2027-08-31
ISMS,ISMS-KISA-2021-144,주식회사 하이퍼리즘,가상자산 금융 서비스 운영 (가상자산운용)(심사받지 않은 물리적 인프라 제외),2024-09-01~2027-08-31
ISMS,ISMS-KISA-2021-140,(주)한국디지털에셋,가상자산 수탁 서비스(심사받지 않은 물리적 인프라 제외),2024-09-01~2027-08-31
ISMS,ISMS-KISA-2021-138,주식회사 젝시믹스,온라인 쇼핑몰 서비스 운영(젝시믹스),2024-08-18~2027-08-17
ISMS,ISMS-KISA-2021-132,주식회사 스토리나인,스토리나인 온라인 쇼핑몰 서비스 (정보통신망법 제47조의7에 따른 인증의 특례),2024-08-18~2027-08-17
ISMS,ISMS-KISA-2021-131,주식회사 유베이스,콜센터 시스템 운영,2024-08-18~2027-08-17
ISMS-P,ISMS-P-FSI-2021-007,KB국민카드,"온라인서비스(카드결제, 금융서비스)(심사받지 않은 물리적 인프라 제외)",2024-08-13~2027-08-12
ISMS,ISMS-FSI-2021-009,이지스엔터프라이즈(주),공동주택/집합건물 관리 전산서비스 및 온라인 전자결제 부문,2024-08-13~2027-08-12
ISMS,ISMS-KISA-2021-128,(주) 에듀스파 박문각,온라인 교육 시스템 운영(박문각 에듀스파),2024-08-04~2027-08-03
ISMS,ISMS-KISA-2021-127,에이피위성주식회사,위성이동통신 과금시스템 운영,2024-08-04~2027-08-03
ISMS,ISMS-KISA-2021-126,주식회사 헥토월렛원,"가상자산 보관 서비스 및 지갑구축 솔루션(오하이 월렛, 옥텟)",2024-08-04~2027-08-03
ISMS,ISMS-KISA-2021-125,주식회사 더벨,더벨 온라인 뉴스(정보통신망법 제47조의7에 따른 인증의 특례),2024-08-04~2027-08-03
ISMS,ISMS-KISA-2021-123,사이버한국외국어대학교,원격교육시스템 운영,2024-08-04~2027-08-03
ISMS,ISMS-KISA-2021-118,미스토코리아 주식회사,온라인 쇼핑몰 서비스 운영,2024-07-21~2027-07-20
ISMS,ISMS-KISA-2021-114,(주)마이다스인,온라인 채용 및 인적자원관리 서비스 운영,2024-07-07~2027-07-06
ISMS,ISMS-KISA-2021-113,(주)트랜드메카,트랜드메카 온라인 쇼핑몰 서비스 운영,2024-07-07~2027-07-06
ISMS-P,ISMS-P-FSI-2021-006,주식회사 아이엠뱅크,"인터넷뱅킹 서비스(웹, 모바일)",2024-06-30~2027-06-29
ISMS,ISMS-FSI-2021-008,주식회사 아이엠뱅크,전산센터 운영,2024-06-30~2027-06-29
ISMS,ISMS-FSI-2021-007,우리에프아이에스,네트워크 인프라 운영,2024-06-30~2027-06-29
ISMS,ISMS-KISA-2021-110,주식회사 배럴,온라인 쇼핑 서비스 운영(배럴),2024-06-16~2027-06-15
ISMS,ISMS-KISA-2021-109,주식회사 강원랜드,하이원리조트 인터넷 예약 서비스,2024-06-16~2027-06-15
ISMS,ISMS-KISA-2021-106,(주)에스와이에스리테일,인터넷 쇼핑몰 운영(전자랜드),2024-06-02~2027-06-01
ISMS,ISMS-KISA-2021-105,주식회사 티시스 아이티,집적정보통신시설(IDC) 운영,2024-06-02~2027-06-01
ISMS-P,ISMS-P-FSI-2021-004,엔에이치투자증권,"전자금융서비스(트레이딩, 뱅킹, 금융상품)",2024-05-31~2027-05-30
ISMS-P,ISMS-P-FSI-2021-002,하나은행,"인터넷뱅킹 서비스(웹, 하나원큐, 하나원사인 등)",2024-05-31~2027-05-30
ISMS,ISMS-FSI-2021-006,하나은행,통합금고시스템 운영,2024-05-31~2027-05-30
ISMS,ISMS-FSI-2021-005,엘에스증권 주식회사,"트레이딩 시스템 운영(HTS, MTS, WTS)",2024-05-31~2027-05-30
ISMS-P,ISMS-P-KISA-2021-019,주식회사 여기어때컴퍼니,"온라인 여행플랫폼 서비스 (여기어때, 여기어때 사장님, 여기어때 공간대여, 여기어때 파트너센터, 여기어때컴퍼니 기업홈페이지, 여기어때 홈페이지)",2024-05-18~2027-05-17
ISMS,ISMS-KISA-2021-103,번개장터 주식회사,번개장터 중고거래 플랫폼 서비스 운영(심사받지 않은 물리적 인프라 제외),2024-05-18~2027-05-17
ISMS,ISMS-KISA-2021-102,(주) 비앤씨인터내셔널,메가커피 온라인 쇼핑몰 운영 (정보통신망법 제47조의7에 따른 인증의 특례),2024-05-18~2027-05-17
ISMS,ISMS-KISA-2021-101,에어부산 주식회사,인터넷 예약·발권 서비스(에어부산),2024-05-18~2027-05-17
ISMS,ISMS-KISA-2021-100,(주)씨제이이엔엠,미디어/방송 콘텐츠 및 커머스 서비스 운영,2024-05-04~2027-05-03
ISMS,ISMS-KISA-2021-099,(주)이글루코퍼레이션,통합보안관제센터,2024-05-04~2027-05-03
ISMS,ISMS-KISA-2021-095,(주)티디에이치컴퍼니,온라인 쇼핑몰 운영(오까네)(정보통신망법 제47조의7에 따른 인증의 특례),2024-05-04~2027-05-03
ISMS,ISMS-KISA-2021-094,건국대학교,"학사정보시스템 운영(학적, 성적관리, 학사관리)",2024-05-04~2027-05-03
ISMS,ISMS-KISA-2021-093,(주) 나이스홀딩스,나이스 데이터센터(NICE IDC) 운영,2024-05-04~2027-05-03
ISMS,ISMS-KISA-2021-092,한국지역정보개발원,지역클라우드센터 운영 (공통 인프라),2024-04-22~2027-04-21
ISMS,ISMS-KISA-2021-088,(주) 에스티유니타스,온라인 교육 서비스 운영,2024-04-22~2027-04-21
ISMS,ISMS-KISA-2021-084,원광대학교병원,의료정보시스템(OCS/EMR) 및 홈페이지 서비스 운영,2024-04-22~2027-04-21
ISMS,ISMS-KISA-2021-083,순천향대학교,"학사행정시스템 운영(학적, 성적관리, 학사관리)",2024-04-22~2027-04-21
ISMS-P,ISMS-P-KISA-2021-014,(주)스테이션3,"인터넷 정보제공서비스(다방, 다방프로, 다방허브) 운영",2024-04-21~2027-04-20
ISMS-P,ISMS-P-KISA-2021-013,(주)더블유쇼핑,온라인 쇼핑몰 서비스 운영(W쇼핑),2024-04-21~2027-04-20
ISMS,ISMS-KISA-2021-077,(주)다날,통합 결제 플랫폼 및 본인확인 서비스,2024-04-21~2027-04-20
ISMS,ISMS-KISA-2021-074,(주)에스제이더블유인터내셔널,콘텐츠 제공 서비스 운영(시원스쿨닷컴),2024-04-21~2027-04-20
ISMS,ISMS-KISA-2021-072,주식회사 포블게이트,가상자산 거래소 운영(포블게이트),2024-04-21~2027-04-20
ISMS,ISMS-KISA-2021-071,케이티텔레캅주식회사,"케이티텔레캅 서비스(출동관제, 영상보안, 대표홈페이지) 운영",2024-04-21~2027-04-20
ISMS,ISMS-KISA-2021-070,전문건설공제조합,"조합원 온라인 서비스(인터넷 창구, 전자서류, 조합업무시스템) 및 기술교육원 학사관리 서비스 운영",2024-04-21~2027-04-20
ISMS-P,ISMS-P-KISA-2021-012,(주) 코어닥스,디지털자산거래소 운영,2024-04-07~2027-04-06
ISMS,ISMS-KISA-2021-069,연세대학교 의과대학 강남세브란스병원,"의료정보시스템(EMR, OCS) 및 홈페이지 서비스 운영",2024-04-07~2027-04-06
ISMS,ISMS-KISA-2021-064,(주)유니컴즈,알뜰폰 이동통신 서비스 운영(mobing),2024-04-07~2027-04-06
ISMS,ISMS-KISA-2021-062,인하대학교의과대학부속병원,"의료정보시스템(OCS, EMR) 및 홈페이지 서비스 운영",2024-04-07~2027-04-06
ISMS,ISMS-KISA-2021-061,미스터블루(주),온라인 만화 콘텐츠 서비스,2024-04-07~2027-04-06
ISMS,ISMS-KISA-2021-060,엔시큐어 주식회사,정보보호 컨설팅 서비스(정보통신망법 제47조의7에 따른 인증의 특례),2024-04-07~2027-04-06
ISMS,ISMS-KISA-2021-059,주식회사아이엠아이,"온라인 게임 아이템거래 및 게임 서비스 운영(아이템매니아, 게임매니아)",2024-04-07~2027-04-06
ISMS,ISMS-KISA-2021-056,Google LLC,국내 기업고객을 위한 Google Cloud Platform 서비스 서울 리전의 인프라 운영(심사받지 않은 물리적 인프라 제외),2024-04-07~2027-04-06
ISMS-P,ISMS-P-FSI-2021-001,한국자산관리공사,"온비드 서비스(웹, 앱)",2024-04-01~2027-03-31
ISMS,ISMS-FSI-2021-004,키움증권(주),"트레이딩 시스템 운영(HTS, MTS, WTS)",2024-04-01~2027-03-31
ISMS,ISMS-KISA-2021-054,(주)파고다아카데미,"파고다아카데미 온라인 서비스 운영 (파고다21, 잡파고다, 파미스)(정보통신망법 제47조의7에 따른 인증의 특례)",2024-03-17~2027-03-16
ISMS,ISMS-KISA-2021-053,이케이 주식회사,"유아교육 서비스 운영 (키드키즈, 와글바글, 평생교육원, 키드키즈알림장)",2024-03-17~2027-03-16
ISMS,ISMS-KISA-2021-046,(주)보라비트,가상자산 거래소 운영(BORABIT),2024-03-17~2027-03-16
ISMS,ISMS-KISA-2021-044,(주) 탑코,온라인 웹툰 서비스 운영(탑툰),2024-03-17~2027-03-16
ISMS,ISMS-KISA-2021-042,주식회사 티머니,"온라인(티머니 결제, 교통 모빌리티) 및 VAN 서비스 운영",2024-03-17~2027-03-16
ISMS-P,ISMS-P-KISA-2021-006,쿠팡 주식회사,쿠팡 서비스,2024-03-03~2027-03-02
ISMS,ISMS-KISA-2021-039,아주대학교의료원,의료정보시스템(OCS/EMR) 및 홈페이지 서비스 운영,2024-03-03~2027-03-02
ISMS,ISMS-KISA-2021-034,(주)케이엘넷(KL-Net),전자 물류서비스 운영,2024-03-03~2027-03-02
ISMS-P,ISMS-P-KISA-2021-005,(주)현대백화점,"현대백화점 서비스 운영(백화점, 아울렛, H.Point, 백화점 카드, TCP, 문화센터, 어린이책미술관, 더현대닷컴, 현대식품관 to Home, e-슈퍼)",2024-02-17~2027-02-16
ISMS-P,ISMS-P-KISA-2021-004,국민건강보험공단,국민건강보험 대외서비스 홈페이지 운영,2024-02-17~2027-02-16
ISMS,ISMS-KISA-2021-032,(주)소노인터내셔널,"인터넷 예약시스템 운영(리조트, 골프, 승마, 컨벤션, 케이블카, 단체예약)",2024-02-17~2027-02-16
ISMS,ISMS-KISA-2021-030,한양대학교병원,"의료정보시스템(EMR, OCS), 홈페이지 및 모바일애플리케이션 운영",2024-02-17~2027-02-16
ISMS,ISMS-KISA-2021-026,(주)스마일서브,집적정보통신시설(IDC) 인프라 운영,2024-02-17~2027-02-16
ISMS,ISMS-KISA-2021-024,(주)농협정보시스템,"집적정보통신시설(IDC)운영 (코로케이션, 클라우드(IaaS), 네트워크 및 보안서비스 제공)",2024-02-17~2027-02-16
ISMS,ISMS-KISA-2021-023,에스케이텔레콤 (주),"T 전화, NUGU 서비스 운영",2024-02-17~2027-02-16
ISMS,ISMS-FSI-2021-002,유안타증권,"트레이딩 시스템 운영(HTS, MTS, WTS)",2024-02-10~2027-02-09
ISMS,ISMS-KISA-2021-020,한국철도공사,한국철도 고객 서비스 운영,2024-02-03~2027-02-02
ISMS,ISMS-KISA-2021-018,동아대학교의료원,"의료정보시스템(OCS, EMR) 및 홈페이지 서비스 운영",2024-02-03~2027-02-02
ISMS,ISMS-KISA-2021-015,부산대학교병원,"의료정보시스템(OCS, EMR) 및 홈페이지 서비스 운영",2024-01-20~2027-01-19
ISMS,ISMS-KISA-2021-014,(주) 한섬,"온라인 쇼핑몰 서비스 운영(더한섬닷컴, H패션몰, EQLstore, 홈페이지)",2024-01-20~2027-01-19
ISMS,ISMS-KISA-2021-013,(주)비지에프리테일,"BGF리테일 대외 서비스 운영(CU멤버십, 대표 홈페이지, 가맹점주 시스템)",2024-01-20~2027-01-19
ISMS,ISMS-KISA-2021-012,(주)네오위드넷,ITO 서비스 운영,2024-01-20~2027-01-19
ISMS,ISMS-KISA-2021-011,(주)커리어넷,취업 포털 서비스 운영(정보통신망법 제47조의7에 따른 인증의 특례),2024-01-20~2027-01-19
ISMS,ISMS-KISA-2021-010,주식회사 유비온,"원격 교육서비스 운영(사이버연수원, 와우패스, 원격평생교육원, 코스모스)",2024-01-20~2027-01-19
ISMS,ISMS-KISA-2021-009,메가박스중앙 (주),인터넷 영화예매 서비스,2024-01-20~2027-01-19
ISMS,ISMS-KISA-2021-007,경북대학교병원,"의료정보시스템(OCS, EMR) 및 대표 홈페이지 운영",2024-01-06~2027-01-05
ISMS,ISMS-KISA-2021-003,에스케이브로드밴드 주식회사,CATV 서비스 운영,2024-01-06~2027-01-05
ISMS,ISMS-KISA-2021-002,텐센트 클라우드 컴퓨팅 (베이징) 주식회사,텐센트 클라우드 한국리전의 인프라 운영(심사받지 않은 물리적 인프라 제외),2024-01-06~2027-01-05
ISMS,ISMS-KISA-2020-247,데상트코리아(주),"온라인 쇼핑몰(데상트코리아 공식E-SHOP, 브랜드 웹사이트), 대외서비스 운영(협력사포털, 채용사이트)",2023-12-28~2026-12-27
ISMS,ISMS-KISA-2020-244,영남대학교의료원,"의료정보시스템(OCS, EMR) 및 홈페이지 서비스 운영",2023-12-28~2026-12-27
ISMS,ISMS-KISA-2020-243,대구가톨릭대학교의료원,의료정보시스템(OCS/EMR) 및 홈페이지 서비스 운영,2023-12-28~2026-12-27
ISMS,ISMS-KISA-2020-242,경희의료원,"의료정보시스템(OCS, EMR) 및 홈페이지 서비스 운영",2023-12-28~2026-12-27
ISMS,ISMS-KISA-2020-238,한진세이버(주),항공사 예약 및 발권 서비스 지원시스템 운영,2023-12-28~2026-12-27
ISMS,ISMS-KISA-2020-237,세종대학교,"학사행정시스템 운영(학적, 학사관리, 졸업관리)",2023-12-28~2026-12-27
ISMS,ISMS-FSI-2020-027,새마을금고중앙회,"대표 홈페이지 및 전자금융서비스(웹, 앱)",2023-12-23~2026-12-22
ISMS,ISMS-FSI-2020-026,메리츠증권 (주),"트레이딩 시스템 운영(HTS, MTS, 홈페이지)",2023-12-23~2026-12-22
ISMS-P,ISMS-P-KISA-2020-047,넷마블(주),국내 게임서비스 운영(넷마블),2023-12-16~2026-12-15
ISMS-P,ISMS-P-KISA-2020-044,삼성웰스토리(주),"홈페이지, 웰스토리몰, 식자재주문 서비스",2023-12-16~2026-12-15
ISMS-P,ISMS-P-KISA-2020-043,주식회사 케이티,"정보통신서비스 인프라 운영(케이티닷컴, 무선데이터 부가서비스, 유무선서비스)",2023-12-16~2026-12-15
ISMS,ISMS-KISA-2020-233,(주) 컴투스,온라인 및 모바일 게임서비스(심사받지 않은 물리적 인프라 제외),2023-12-16~2026-12-15
ISMS,ISMS-KISA-2020-232,주식회사 컴투스홀딩스,온라인 및 모바일 게임서비스(심사받지 않은 물리적 인프라 제외),2023-12-16~2026-12-15
ISMS,ISMS-KISA-2020-231,경상국립대학교병원,"의료정보시스템(OCS, EMR) 및 홈페이지 서비스 운영",2023-12-16~2026-12-15
ISMS,ISMS-KISA-2020-228,(주)케이씨에이,웹 취약점 진단 서비스 운영,2023-12-16~2026-12-15
ISMS,ISMS-KISA-2020-226,호스트웨이아이디씨(주),집적정보통신시설(IDC) 네트워크 제공 코로케이션 운영,2023-12-16~2026-12-15
ISMS,ISMS-KISA-2020-222,서울특별시 데이터센터,서울특별시데이터센터 IT인프라 운영,2023-12-16~2026-12-15
ISMS,ISMS-KISA-2020-221,"Amazon Web Services, Inc.",아마존 웹 서비스(AWS) 서울 리전의 인프라 운영 (심사받지 않은 물리적 인프라 제외),2023-12-16~2026-12-15
ISMS,ISMS-KISA-2020-220,네이버클라우드 주식회사,"IT 플랫폼 운영 서비스, 인터넷 데이터센터 운영",2023-12-16~2026-12-15
ISMS,ISMS-KISA-2020-219,(주)에이프로코리아,가상자산 거래소 서비스(에이프로빗) 운영,2023-12-16~2026-12-15
ISMS-P,ISMS-P-KISA-2020-040,(주)에듀윌,온라인 교육서비스 운영,2023-12-02~2026-12-01
ISMS,ISMS-KISA-2020-217,(주)아이템베이,아이템베이 온라인 서비스 운영 및 개발,2023-12-02~2026-12-01
ISMS,ISMS-KISA-2020-213,(주)멀티캠퍼스,"Total HRD 서비스 운영(멀티캠퍼스 이러닝 서비스, 집합교육 서비스, OPIc 평가 서비스, 지식컨텐츠 서비스)",2023-12-02~2026-12-01
ISMS,ISMS-KISA-2020-212,충남대학교병원,의료정보시스템(OCS/EMR) 및 홈페이지 서비스 운영,2023-12-02~2026-12-01
ISMS,ISMS-KISA-2020-210,주식회사 피어테크,클라우드 기반의 거래소 및 지갑관리 시스템 운영(심사받지 않은 물리적 인프라 제외),2023-12-02~2026-12-01
ISMS,ISMS-KISA-2020-209,건설공제조합,"인터넷 조합원 제공 서비스 운영(인터넷창구, 전자계약, 전자서류, 홈페이지)",2023-12-02~2026-12-01
ISMS,ISMS-KISA-2020-208,한림대학교성심병원,의료정보시스템(OCS/EMR) 및 홈페이지/모바일 앱 서비스 운영,2023-12-02~2026-12-01
ISMS,ISMS-KISA-2020-207,(의)삼성의료재단,"의료정보시스템(EMR, OCS) 및 홈페이지 서비스 운영",2023-12-02~2026-12-01
ISMS,ISMS-KISA-2020-206,청오디피케이(주),온라인 주문 서비스 운영(도미노피자),2023-12-02~2026-12-01
ISMS,ISMS-KISA-2020-204,(주)더에스제이,온라인 쇼핑몰 운영(조아맘)(정보통신망법 제47조의7에 따른 인증의 특례),2023-12-02~2026-12-01
ISMS,ISMS-KISA-2020-203,교보디티에스(주),집적정보통신시설(IDC) 운영,2023-12-02~2026-12-01
ISMS,ISMS-KISA-2020-202,한국허벌라이프(주),한국허벌라이프 온라인 쇼핑몰 및 대외서비스 운영,2023-12-02~2026-12-01
ISMS,ISMS-KISA-2020-200,(주)엘지생활건강,LG생활건강 온라인 서비스 운영,2023-12-02~2026-12-01
ISMS-P,ISMS-P-FSI-2020-005,나이스평가정보,"CB, NICE지키미 및 NICE아이디 서비스 (휴대폰 본인확인 수탁업무 제외)",2023-12-01~2026-11-30
ISMS,ISMS-FSI-2020-025,에스케이증권,"트레이딩 시스템 운영(HTS, MTS, 홈페이지)",2023-12-01~2026-11-30
ISMS,ISMS-FSI-2020-022,부산하나로카드,교통카드 관리 서비스 운영,2023-12-01~2026-11-30
ISMS,ISMS-FSI-2020-021,마이비,교통카드 관리 서비스 운영,2023-12-01~2026-11-30
ISMS,ISMS-FSI-2020-020,(주)이동의즐거움,선불카드 정산·운영 관리 시스템 및 시외버스 예매 발권 서비스 운영,2023-12-01~2026-11-30
ISMS,ISMS-FSI-2020-019,유진투자증권,"트레이딩 시스템 운영(HTS, MTS, WTS)",2023-12-01~2026-11-30
ISMS,ISMS-FSI-2020-017,나이스평가정보,기업정보 대외서비스 운영,2023-12-01~2026-11-30
ISMS-P,ISMS-P-KISA-2020-039,주식회사 스푼랩스,"온라인 오디오 플랫폼 서비스 운영(스푼라디오, 임직원 개인정보 처리 포함)",2023-11-18~2026-11-17
ISMS,ISMS-KISA-2020-197,에이비씨마트코리아,에이비씨마트코리아 온라인 쇼핑몰 서비스 운영,2023-11-18~2026-11-17
ISMS,ISMS-KISA-2020-194,경희사이버대학교,원격 교육시스템 운영,2023-11-18~2026-11-17
ISMS,ISMS-KISA-2020-189,(주)텐바이텐,텐바이텐 쇼핑몰 서비스 운영,2023-11-18~2026-11-17
ISMS,ISMS-KISA-2020-187,(주)백패커,온라인 마켓 플랫폼 운영(아이디어스),2023-11-18~2026-11-17
ISMS,ISMS-KISA-2020-186,(주)셀메이트,판매관리통합솔루션 서비스 운영,2023-11-18~2026-11-17
ISMS,ISMS-KISA-2020-183,주식회사 케이티샛,위성정보통신 운영서비스,2023-11-18~2026-11-17
ISMS,ISMS-KISA-2020-181,(의료)길의료재단,의료정보시스템(OCS/EMR) 및 홈페이지 서비스 운영,2023-11-04~2026-11-03
ISMS,ISMS-KISA-2020-178,양산부산대학교병원,의료정보시스템(OCS/EMR) 및 홈페이지 관련 서비스,2023-11-04~2026-11-03
ISMS,ISMS-KISA-2020-177,주식회사 유비케어,헬스케어 서비스 제공 및 쇼핑몰 운영,2023-11-04~2026-11-03
ISMS,ISMS-KISA-2020-175,(주)머니투데이,온라인 뉴스 서비스 운영(머니투데이),2023-11-04~2026-11-03
ISMS,ISMS-KISA-2020-173,(주)진학사,"진학사 입시, 취업 정보제공 서비스 운영",2023-11-04~2026-11-03
ISMS,ISMS-KISA-2020-169,한국신용카드결제(주),"카드 VAN 서비스, PG 서비스",2023-11-04~2026-11-03
ISMS-P,ISMS-P-FSI-2020-003,대신증권 (주),"전자금융서비스(트레이딩, 뱅킹, 금융상품, 종합자산관리, 투자정보)",2023-11-03~2026-11-02
ISMS,ISMS-FSI-2020-014,교보증권(주),"트레이딩 서비스 운영(HTS, MTS, WTS)",2023-11-03~2026-11-02
ISMS,ISMS-FSI-2020-013,웰컴저축은행,"인터넷뱅킹 서비스 운영(웹, 모바일)",2023-11-03~2026-11-02
ISMS-P,ISMS-P-KISA-2020-036,SK에너지(주),머핀 멤버쉽 서비스,2023-10-21~2026-10-20
ISMS-P,ISMS-P-KISA-2020-035,(주)한국인삼공사,㈜한국인삼공사 대외 온라인 서비스,2023-10-21~2026-10-20
ISMS-P,ISMS-P-KISA-2020-034,주식회사 E1,E1 오렌지카드 서비스 운영,2023-10-21~2026-10-20
ISMS,ISMS-KISA-2020-168,(주)스마일게이트 알피지,로스트아크(Lostark) 게임 서비스 운영,2023-10-21~2026-10-20
ISMS,ISMS-KISA-2020-166,SK이노베이션(주),SK이노베이션 보안시스템 운영 관리,2023-10-21~2026-10-20
ISMS,ISMS-KISA-2020-165,(주)레몬헬스케어,레몬케어 서비스 개발 및 운영,2023-10-21~2026-10-20
ISMS,ISMS-KISA-2020-164,(주)이니스프리,이니스프리 온라인 쇼핑몰 운영,2023-10-21~2026-10-20
ISMS,ISMS-KISA-2020-163,(주)아모레퍼시픽,아모레퍼시픽 온라인 쇼핑몰 운영,2023-10-21~2026-10-20
ISMS,ISMS-KISA-2020-161,삼성전자(주),삼성전자 임직원몰 등 서비스 개발·운영(심사받지 않은 물리적 인프라 제외),2023-10-21~2026-10-20
ISMS-P,ISMS-P-KISA-2020-031,(주) 마이리얼트립,마이리얼트립 온라인 여행 홈페이지 및 대고객 서비스(심사받지 않은 물리적 인프라 제외),2023-10-07~2026-10-06
ISMS,ISMS-KISA-2020-158,연세대학교원주세브란스기독병원,의료정보시스템(OCS/EMR) 및 홈페이지 서비스 운영,2023-10-07~2026-10-06
ISMS,ISMS-KISA-2020-157,인제대학교 부산백병원,의료정보시스템(OCS/EMR) 및 홈페이지 서비스 운영,2023-10-07~2026-10-06
ISMS,ISMS-KISA-2020-151,(주) 조아라,인터넷 웹소설 및 웹툰 서비스 운영(조아라닷컴)(심사받지 않은 물리적 인프라 제외),2023-10-07~2026-10-06
ISMS,ISMS-KISA-2020-149,피에스앤마케팅 주식회사,온라인 쇼핑몰 서비스 운영(SK패밀리샵),2023-10-07~2026-10-06
ISMS,ISMS-KISA-2020-148,(주)에치와이,에치와이 온라인몰 프레딧 운영,2023-10-07~2026-10-06
ISMS,ISMS-KISA-2020-145,(주)포스토피아,"네트워크를 이용한 우편데이터 접수,생성,제작,발송 서비스",2023-09-16~2026-09-15
ISMS,ISMS-KISA-2020-144,(주)신세계인터내셔날,신세계인터내셔날 온라인쇼핑몰 운영,2023-09-16~2026-09-15
ISMS,ISMS-KISA-2020-143,서울디지털대학교,원격교육시스템운영,2023-09-16~2026-09-15
ISMS,ISMS-KISA-2020-142,(주)엔라인,"온라인 쇼핑몰 서비스 운영(난닝구, 네프호텔, 줄로그)",2023-09-16~2026-09-15
ISMS,ISMS-KISA-2020-141,엔투비,기업간 인터넷 전자상거래 서비스 운영,2023-09-16~2026-09-15
ISMS,ISMS-KISA-2020-137,국립대학법인 인천대학교,"학사행정시스템 운영(학적, 성적관리, 학사관리)",2023-09-16~2026-09-15
ISMS,ISMS-KISA-2020-136,한진정보통신(주),"한진정보통신 데이터센터 운영(코로케이션, 서버온디맨드서비스)",2023-09-16~2026-09-15
ISMS,ISMS-FSI-2020-011,디비손해보험,온라인 보험 시스템 운영,2023-09-11~2026-09-10
ISMS,ISMS-FSI-2020-010,신한은행,"금고시스템 및 신한금융그룹 전산센터(죽전, 일산) 운영",2023-09-11~2026-09-10
ISMS,ISMS-FSI-2020-009,경남은행,"인터넷뱅킹 서비스 운영(웹, 모바일)",2023-09-11~2026-09-10
ISMS,ISMS-KISA-2020-134,충북대학교병원,"의료정보시스템(EMR, OCS) 및 홈페이지 서비스 운영",2023-08-26~2026-08-25
ISMS,ISMS-KISA-2020-133,건국대학교병원,"의료정보시스템(EMR, OCS) 및 홈페이지 서비스 운영",2023-08-26~2026-08-25
ISMS,ISMS-KISA-2020-132,주식회사 인벤,"인벤 온라인서비스 운영(웹진,커뮤니티)",2023-08-26~2026-08-25
ISMS,ISMS-KISA-2020-131,(주)포스코디엑스,"포스코DX IDC운영(코로케이션,네트워크 제공) 및 통합 보안 운영·관제 서비스",2023-08-26~2026-08-25
ISMS,ISMS-KISA-2020-128,디지털서울문화예술대학교,원격교육시스템 운영,2023-08-26~2026-08-25
ISMS-P,ISMS-P-KISA-2020-027,에스비티엠 주식회사,SRS Business Travel Management,2023-08-12~2026-08-11
ISMS,ISMS-KISA-2020-125,한국복지사이버대학교,원격교육서비스 운영,2023-08-12~2026-08-11
ISMS,ISMS-KISA-2020-124,학교법인가톨릭학원 가톨릭대학교 인천성모병원,"의료정보시스템(EMR, OCS) 및 홈페이지 서비스 운영",2023-08-12~2026-08-11
ISMS-P,ISMS-P-KISA-2020-025,한국중부발전(주),대국민 서비스(대표 홈페이지 및 출입관리),2023-07-29~2026-07-28
ISMS,ISMS-KISA-2020-122,전북대학교병원,"의료정보시스템(EMR, OCS) 및 홈페이지 서비스 운영",2023-07-29~2026-07-28
ISMS,ISMS-KISA-2020-121,(주)평화이즈,집적정보통신시설(IDC) 운영,2023-07-29~2026-07-28
ISMS,ISMS-KISA-2020-120,(학)가톨릭대학교 서울성모병원,"의료정보시스템(EMR, OCS) 및 홈페이지 서비스 운영",2023-07-29~2026-07-28
ISMS,ISMS-KISA-2020-117,삼성전자판매 주식회사,패밀리몰 및 홈페이지 서비스,2023-07-29~2026-07-28
ISMS,ISMS-KISA-2020-115,재단법인 한국우편사업진흥원,전자우편 제작서비스 운영,2023-07-29~2026-07-28
ISMS,ISMS-KISA-2020-111,순천향대학교부속천안병원,의료정보시스템(EMR) 및 홈페이지 서비스 운영,2023-07-15~2026-07-14
ISMS,ISMS-KISA-2020-110,순천향대학교부속부천병원,의료정보시스템(EMR) 및 홈페이지 서비스 운영,2023-07-15~2026-07-14
ISMS-P,ISMS-P-FSI-2020-002,(주)우리은행,"인터넷뱅킹 서비스(웹, 모바일)",2023-06-30~2026-06-29
ISMS,ISMS-FSI-2020-006,농협은행,NH 통합IT센터 운영(의왕),2023-06-30~2026-06-29
ISMS,ISMS-FSI-2020-005,(주)우리은행,"금고관리 시스템(통합자금관리, 세출e뱅킹) 운영",2023-06-30~2026-06-29
ISMS,ISMS-KISA-2020-107,지에스네오텍(주),"CDN 서비스 개발 및 운영, Cloud Consulting & Managed Services",2023-06-24~2026-06-23
ISMS,ISMS-KISA-2020-103,주식회사 디지털존,증명서 발급 대행 서비스,2023-06-24~2026-06-23
ISMS-P,ISMS-P-KISA-2020-022,우정사업본부,"인터넷우체국 서비스 (우편, 우체국쇼핑, 방문접수·창구소포, EMS·국제우편, 우표·엽서·축하카드)",2023-06-10~2026-06-09
ISMS-P,ISMS-P-KISA-2020-021,GS칼텍스,GS&POINT 서비스 및 GS칼텍스 보너스카드 서비스,2023-06-10~2026-06-09
ISMS,ISMS-KISA-2020-102,(주)엠게임,온라인 게임서비스(웹/모바일) 개발 및 운영(엠게임),2023-06-10~2026-06-09
ISMS,ISMS-KISA-2020-101,주식회사 네시삼십삼분,모바일 게임 서비스 운영(심사받지 않은 물리적 인프라 제외),2023-06-10~2026-06-09
ISMS,ISMS-KISA-2020-098,아시아나항공(주),아시아나항공 대외서비스 운영,2023-06-10~2026-06-09
ISMS-P,ISMS-P-FSI-2020-001,주식회사 카카오페이,카카오페이 서비스 운영,2023-06-01~2026-05-31
ISMS-P,ISMS-P-KISA-2020-019,주식회사 신세계라이브쇼핑,신세계라이브쇼핑 온라인 쇼핑 서비스,2023-05-27~2026-05-26
ISMS,ISMS-KISA-2020-090,주식회사 레진엔터테인먼트,인터넷 웹툰 서비스 운영(레진코믹스)(심사받지 않은 물리적 인프라 제외),2023-05-27~2026-05-26
ISMS,ISMS-KISA-2020-087,(주)씨제이이엔엠,CJ ONSTYLE 개발 및 운영,2023-05-27~2026-05-26
ISMS,ISMS-KISA-2020-084,뉴스킨 코리아 (주),온라인쇼핑몰 및 제품 홍보사이트 운영 (심사받지 않은 물리적 인프라 제외),2023-05-27~2026-05-26
ISMS,ISMS-KISA-2020-082,(주)휴넷,"온라인 교육서비스 운영(휴넷기업교육, 휴넷평생교육)",2023-05-27~2026-05-26
ISMS,ISMS-KISA-2020-081,(주)다우데이타,"전자지불서비스(VAN, PG) 운영, 본인확인기관 연계서비스 운영",2023-05-27~2026-05-26
ISMS,ISMS-KISA-2020-079,오라클 코퍼레이션,기업용 오라클 클라우드 한국 인프라 운영,2023-05-27~2026-05-26
ISMS,ISMS-KISA-2020-057,데브시스터즈(주),쿠키런 게임서비스 및 게임 플랫폼 운영(심사받지 않은 물리적 인프라 제외),2026-04-16~2029-04-15
ISMS,ISMS-KISA-2020-054,서울특별시,서울특별시 서울시사이버안전센터 운영,2026-03-25~2029-03-24
ISMS,ISMS-KISA-2020-050,SK주식회사,코로케이션 서비스 운영,2026-03-25~2029-03-24
ISMS,ISMS-KISA-2020-048,롯데글로벌로지스(주),"물류 온라인 서비스(롯데택배, 국제특송수입), 대표 홈페이지 운영",2026-03-25~2029-03-24
ISMS,ISMS-KISA-2020-046,(주)두산 디지털이노베이션BU,데이터센터 운영,2026-03-25~2029-03-24
ISMS,ISMS-KISA-2020-044,(주)천재교육,온라인 교육 및 학습 지원 서비스 운영,2026-03-25~2029-03-24
ISMS,ISMS-KISA-2020-042,(주)쏨니아,온라인 쇼핑몰 운영(로미스토리) (정보통신망법 제47조의7에 따른 인증의 특례),2026-03-25~2029-03-24
ISMS,ISMS-KISA-2020-040,(주)조이시티,모바일 및 온라인 게임 서비스(심사받지 않은 물리적 인프라 제외),2026-03-25~2029-03-24
ISMS-P,ISMS-P-KISA-2020-008,(주)홈앤쇼핑,홈앤쇼핑 인터넷 쇼핑몰 서비스,2026-03-18~2029-03-17
ISMS,ISMS-KISA-2020-039,토파스여행정보주식회사,"항공사 인터넷 예약 및 발권 서비스, 항공사 통합정보 공유 서비스(e-Learning 포함) 인프라 운영",2026-03-18~2029-03-17
ISMS,ISMS-FSI-2020-004,주식회사 디비아이엔씨(DB Inc.),DB Inc. 데이터센터 인프라 서비스,2026-03-06~2029-03-05
ISMS,ISMS-KISA-2020-029,(주)나비엠알오,온라인 쇼핑몰 서비스 운영(나비엠알오),2026-02-12~2029-02-11
ISMS,ISMS-KISA-2020-025,(주)엔디에스,"시스템 위탁 운영 서비스(네트워크 운영, 보안 운영, 도메인 관리)",2026-02-12~2029-02-11
ISMS,ISMS-KISA-2020-020,(주)현대리바트,"인터넷 쇼핑몰 운영(리바트몰, WSI몰, 법인몰)",2026-02-12~2029-02-11
ISMS-P,ISMS-P-KISA-2020-003,에스케이텔링크(주),알뜰폰(MVNO) 서비스,2026-01-29~2029-01-28
ISMS,ISMS-KISA-2020-014,엘지전자 (주),"대외 B2C, B2B 서비스 운영",2026-01-29~2029-01-28
ISMS,ISMS-KISA-2020-013,에스케이텔링크(주),국제전화 홈페이지,2026-01-29~2029-01-28
ISMS,ISMS-KISA-2020-009,(주)신세계아이앤씨,IT인프라 및 데이터센터 운영,2026-01-29~2029-01-28
ISMS,ISMS-KISA-2020-008,(주)웹젠,온라인 및 모바일 게임 서비스 운영,2026-01-29~2029-01-28
ISMS,ISMS-KISA-2020-006,한화시스템(주),한화 데이터센터 인프라 운영,2026-01-15~2029-01-14
ISMS,ISMS-KISA-2020-003,(주)컴퓨존,인터넷 쇼핑몰 서비스 운영,2026-01-15~2029-01-14
ISMS,ISMS-KISA-2020-001,애터미 주식회사,애터미(주) 온라인 쇼핑몰 운영,2026-01-15~2029-01-14
ISMS,ISMS-FSI-2019-015,엔에이치엔케이씨피 주식회사,"전자지불결제(PG)서비스, 부가가치통신망(VAN)서비스, 본인인증확인서비스 운영",2025-12-30~2028-12-29
ISMS,ISMS-KISA-2019-077,인하대학교,"학사행정시스템운영(학적, 성적관리, 학사관리)",2025-12-27~2028-12-26
ISMS,ISMS-KISA-2019-076,현대오토에버(주),"집적정보통신시설(IDC) 운영(코로케이션, 네트워크 서비스 제공)",2025-12-27~2028-12-26
ISMS,ISMS-KISA-2019-072,롯데이노베이트(주),롯데이노베이트 데이터센터 인프라 운영,2025-12-26~2028-12-25
ISMS,ISMS-KISA-2019-071,에이치디씨신라면세점(주),신라아이파크 인터넷면세점 서비스 운영,2025-12-26~2028-12-25
ISMS,ISMS-KISA-2019-069,계명대학교동산의료원,"계명대학교동산병원 의료정보시스템(EMR, OCS) 및 홈페이지 서비스 운영",2025-12-26~2028-12-25
ISMS,ISMS-KISA-2019-068,(주) 한샘,"온라인 서비스 운영(대표홈페이지, 한샘몰, 한샘서비스센터, 한샘몰 협력사 페이지, 도무스)",2025-12-26~2028-12-25
ISMS,ISMS-KISA-2019-063,서울사이버대학교,원격 교육시스템 운영,2025-12-26~2028-12-25
ISMS,ISMS-KISA-2019-060,갤럭시아머니트리(주),"전자결제서비스(빌게이트, 편의점캐시, 전자민원캐시), 모바일 상품권 및 쿠폰 발행서비스(갤럭시아콘), 포인트 통합 및 간편결제서비스(머니트리)",2025-12-26~2028-12-25
ISMS-P,ISMS-P-KISA-2019-035,(주)호텔신라,㈜호텔신라 온·오프라인 면세서비스 운영,2025-12-11~2028-12-10
ISMS,ISMS-KISA-2019-047,라이엇게임즈코리아 유한회사,온라인 게임서비스 운영(심사받지 않은 물리적 인프라 제외),2025-12-11~2028-12-10
ISMS-P,ISMS-P-FSI-2019-001,광주은행,"인터넷뱅킹 서비스(웹, 모바일)",2025-11-28~2028-11-27
ISMS,ISMS-FSI-2019-013,(주)코밴,VAN/PG 서비스 및 인프라 운영,2025-11-28~2028-11-27
ISMS,ISMS-FSI-2019-012,한국정보통신(주),VAN/PG 서비스 및 인프라 운영,2025-11-28~2028-11-27
ISMS,ISMS-FSI-2019-011,(주)나이스디앤비,기업신용정보 서비스 등 전 사업부문,2025-11-28~2028-11-27
ISMS,ISMS-FSI-2019-010,하나카드,"대고객 홈페이지 운영(웹, 모바일)",2025-11-28~2028-11-27
ISMS,ISMS-FSI-2019-009,한화손해보험,한화손해보험 홈페이지 및 앱 서비스 운영,2025-11-28~2028-11-27
ISMS,ISMS-FSI-2019-008,한국증권금융,홈페이지 및 대고객 전자금융서비스 운영,2025-11-28~2028-11-27
ISMS,ISMS-FSI-2019-007,광주은행,지자체 금고시스템 운영,2025-11-28~2028-11-27
ISMS-P,ISMS-P-KISA-2019-029,주식회사 현대디에프,현대디에프 면세점 서비스 운영,2025-11-27~2028-11-26
ISMS-P,ISMS-P-KISA-2019-023,한국전력거래소,"대국민 서비스(대표홈페이지, 방문예약시스템) 및 전력거래 서비스(전력거래시스템, 신재생 에너지 공급인증서 거래시스템)",2025-11-13~2028-11-12
ISMS,ISMS-KISA-2019-034,(주)케이티엠모바일,MVNO(알뜰폰) 이동통신 서비스,2025-11-13~2028-11-12
ISMS,ISMS-KISA-2019-033,(주)씨에스링크,정보보안사업 지원 인프라 운영,2025-11-13~2028-11-12
ISMS,ISMS-KISA-2019-031,주식회사 케이티,KT ISP 인프라 운영,2025-11-13~2028-11-12
ISMS-P,ISMS-P-KISA-2019-019,삼성물산 주식회사,"리조트부문 에버랜드 예매, 예약 서비스 및 골프회원 서비스 운영",2025-10-30~2028-10-29
ISMS,ISMS-KISA-2019-028,삼성서울병원,"EMR, OCS 및 대외 홈페이지 서비스",2025-10-30~2028-10-29
ISMS,ISMS-KISA-2019-027,대성전산(주),DM 발송 서비스 운영,2025-10-30~2028-10-29
ISMS,ISMS-FSI-2019-004,현대해상화재보험(주),"대고객 전자금융거래 서비스 운영(홈페이지, 다이렉트, 모바일)",2025-10-18~2028-10-17
ISMS-P,ISMS-P-KISA-2019-018,예금보험공사,통합정리정보시스템,2025-10-16~2028-10-15
ISMS,ISMS-KISA-2019-026,(주)렉스몬드,온라인 쇼핑몰 서비스 운영,2025-10-16~2028-10-15
ISMS,ISMS-KISA-2019-025,(주)제주항공,"온라인 서비스 운영(홈페이지, 여행사우대서비스, 화물서비스, 온라인쇼핑몰)",2025-10-16~2028-10-15
ISMS-P,ISMS-P-KISA-2019-015,십일번가(주),11번가 서비스 운영,2025-09-25~2028-09-24
ISMS,ISMS-KISA-2019-020,십일번가(주),"11pay, 기프티콘, 비즈콘, 기업 홈페이지, 11번가 채용 서비스 운영",2025-09-25~2028-09-24
ISMS,ISMS-KISA-2019-016,동의대학교,"학사정보시스템(학사, 성적, 학적관리) 운영",2025-08-27~2028-08-26
ISMS,ISMS-KISA-2019-014,울산대학교,"학사행정시스템(학사, 성적, 학적관리) 운영",2025-08-27~2028-08-26
ISMS,ISMS-KISA-2019-013,성균관대학교,"학사행정시스템운영(학적, 성적, 학사관리)",2025-08-27~2028-08-26
ISMS,ISMS-KISA-2019-012,명지대학교,"학사행정시스템운영(학사행정, 수강신청)",2025-08-27~2028-08-26
ISMS-P,ISMS-P-KISA-2019-005,삼성물산(주)패션부문,"패션부문 온라인 쇼핑몰 서비스 운영 (SSFSHOP, 토리버치)",2025-08-12~2028-08-11
ISMS,ISMS-KISA-2019-010,이화여자대학교,"학사행정시스템운영(학적, 성적관리, 학사관리)",2025-08-12~2028-08-11
ISMS,ISMS-KISA-2019-009,한양대학교,"학사행정시스템 운영(학적관리, 성적관리, 학사관리)",2025-08-12~2028-08-11
ISMS,ISMS-KISA-2019-008,경희대학교,"학사행정시스템운영(학적, 학사. 수강신청)",2025-08-12~2028-08-11
ISMS,ISMS-KISA-2019-007,국립대학법인서울대학교,"학사행정시스템운영(학적, 성적관리, 학사관리)",2025-08-12~2028-08-11
ISMS,ISMS-KISA-2019-005,대구대학교,"학사행정시스템운영(학적, 성적관리, 학사관리)",2025-08-12~2028-08-11
ISMS,ISMS-KISA-2019-003,상명대학교,"학사행정시스템(학적, 성적관리, 학사관리, 증명발급)운영",2025-07-11~2028-07-10
ISMS,ISMS-KISA-2019-002,중앙대학교,"학사정보시스템 운영(학적, 성적관리, 학사관리)",2025-07-11~2028-07-10
